filter_clog_pct,fan_speed_pct,vibration_mm_s,bearing_temp_c,run_hours,failure_within_7d
0.487753,0.913505,2.19447,61.711004,1179.844188,1
0.811176,0.724681,3.28759,63.223616,5197.735823,1
0.025172,0.893742,1.492565,51.85176,3015.195051,0
0.637881,0.868735,3.756364,65.382704,7291.805479,1
0.357116,0.544001,2.603343,51.532311,3992.871296,1
0.537098,0.280812,3.028616,53.494105,6813.543617,1
0.773063,0.114491,1.72228,47.005423,2018.772498,0
0.000819,0.123021,0.667742,33.12956,78.151771,0
0.642874,0.092894,2.681787,50.826892,7860.565708,0
0.917713,0.99072,3.065447,71.711284,3374.600824,0
0.51125,0.189591,2.966658,46.767516,7587.572783,0
0.219516,0.237303,1.926695,43.058076,4115.938749,0
0.046932,0.68673,2.077542,50.299708,4002.192202,0
0.165663,0.649936,1.348873,48.253821,2698.410763,0
0.701397,0.186849,2.33235,49.155907,3702.812273,0
0.874116,0.716768,3.191538,61.08895,3910.661959,1
0.712484,0.349119,2.680781,52.438708,4831.204659,0
0.826298,0.456827,2.055857,56.063322,2379.917791,0
0.315903,0.718247,2.240062,52.62778,5353.990484,0
0.17698,0.972676,1.411444,54.45519,1618.315633,0
0.370258,0.3835,3.13345,53.950856,8099.370428,0
0.164106,0.896414,2.438638,60.926069,5143.113889,1
0.39677,0.344249,1.929103,45.931865,1657.993862,0
0.737565,0.138661,3.271917,54.943931,7804.56923,1
0.752023,0.584177,2.307311,61.268523,4615.313197,0
0.036733,0.334655,2.807555,46.074394,8305.868223,0
0.288869,0.748314,1.689158,53.341456,3260.303742,0
0.508814,0.52545,1.678476,52.227099,3356.648314,0
0.344987,0.881113,2.932413,64.535447,5959.53515,1
0.336872,0.908347,3.094738,61.21911,8366.88154,1
0.492948,0.440592,1.897167,48.817982,1651.947665,0
0.544351,0.742602,2.084832,56.499413,1760.496201,1
0.347064,0.654461,2.488652,55.562718,3880.55018,0
0.366557,0.955577,1.653614,57.99321,1466.008046,0
0.192638,0.863868,2.551521,58.250471,5178.349714,1
0.663007,0.319061,1.519195,50.64694,1325.160894,0
0.89672,0.919677,3.594184,67.444142,4426.952061,1
0.393006,0.914168,2.969043,62.366722,6348.777977,1
0.147572,0.618194,2.854778,52.966874,8646.685226,0
0.498282,0.683396,3.263475,57.786823,6168.231248,1
0.458541,0.81003,0.883811,59.517099,1129.084692,0
0.149236,0.315553,2.763137,46.575679,7783.932835,0
0.471145,0.094005,2.687648,42.732972,5898.554476,0
0.336058,0.393968,1.290096,45.906858,2513.443559,0
0.034869,0.571256,2.682377,51.159532,6797.296689,0
0.911226,0.576001,3.501705,64.02721,6739.942064,1
0.722113,0.722489,3.435992,65.415158,7107.872648,1
0.484721,0.130037,1.765823,45.092618,4230.700131,0
0.054523,0.86521,1.367627,51.047172,429.768402,0
0.11684,0.174533,1.187385,37.019234,1876.587633,0
0.522811,0.288466,2.656697,48.241593,5671.283056,0
0.747198,0.631466,3.945708,66.418782,7794.418559,1
0.653714,0.855232,2.732734,60.851801,2738.144867,1
0.937211,0.917696,3.037268,67.515494,3879.205265,1
0.585766,0.774389,2.662165,61.246264,3994.643934,0
0.213121,0.479204,1.422306,47.974787,1968.159212,0
0.140054,0.232339,2.273361,43.445268,5764.020556,0
0.001351,0.851218,2.583659,57.6337,6801.185272,0
0.765318,0.168471,1.990524,54.14173,4814.122893,0
0.181634,0.857172,2.560521,56.992174,4672.884886,0
0.294019,0.195668,3.177029,48.942695,8772.670315,1
0.901556,0.378913,2.535333,56.489309,4653.270357,1
0.375382,0.170897,0.790486,38.349355,219.798083,0
0.513377,0.998759,2.588821,61.591809,3238.264738,1
0.203829,0.769144,2.588993,56.5365,5765.637009,1
0.873566,0.851469,3.578664,66.907722,7242.119676,1
0.217866,0.381858,1.897639,47.36237,4845.93626,0
0.624076,0.360904,3.714946,58.276393,8468.368719,1
0.187319,0.201848,1.155192,39.067471,2030.878455,0
0.09815,0.695758,2.680422,53.138242,6335.683478,0
0.004557,0.407875,1.054297,40.529873,512.871151,0
0.876367,0.873134,3.392209,69.226132,4618.143042,0
0.386366,0.970352,2.180344,62.454756,4128.222815,1
0.493968,0.649518,1.583266,53.015674,2290.007384,0
0.659645,0.931923,2.678197,64.228948,3931.318459,1
0.020368,0.221641,2.690556,43.616745,6440.238606,0
0.028429,0.661312,2.602081,51.023985,5855.21288,0
0.386375,0.648616,1.919684,53.223162,3851.624306,0
0.352158,0.963828,2.451104,60.999321,3601.52079,1
0.011445,0.493265,0.658266,40.437001,1109.621757,0
0.384295,0.273104,3.003107,50.572394,8627.186833,0
0.594127,0.31112,3.315659,57.004209,8808.678925,0
0.743651,0.412547,0.820868,50.331953,190.659213,0
0.424423,0.350184,2.515949,47.972759,5494.401921,0
0.422619,0.09115,1.7195,40.400482,2526.293637,0
0.456566,0.964512,1.666489,59.504676,1695.834629,0
0.613408,0.753862,3.564257,63.680471,8408.544881,0
0.220652,0.374101,1.245271,41.047529,154.529266,0
0.812387,0.541665,3.162989,61.815955,7163.466564,1
0.249571,0.610217,1.990553,51.334884,4941.924513,0
0.157166,0.658908,2.632724,52.265117,5684.193439,0
0.609461,0.511156,2.949069,60.060843,7007.535843,1
0.154471,0.837601,2.087463,55.895003,4037.581841,0
0.50706,0.177743,2.322296,44.97032,5810.057473,0
0.643127,0.789521,3.759756,66.807941,8776.059561,1
0.263263,0.286475,3.698579,50.135119,7353.926685,1
0.03483,0.504532,3.223582,49.318551,7037.176501,0
0.137708,0.851634,2.639383,57.376867,6722.316286,1
0.14502,0.792468,2.491462,56.343084,4278.319375,0
0.007955,0.092875,2.42726,38.246038,7119.039389,0
0.846438,0.505815,3.245402,64.024586,7827.209201,1
0.268788,0.104916,2.618035,44.427868,5440.087449,0
0.872804,0.784916,3.585826,66.805803,6354.518575,1
0.017798,0.965813,2.071988,55.30414,2376.031457,0
0.429115,0.236325,1.289957,43.284644,994.031939,0
0.831751,0.654624,1.841623,60.80216,3052.235948,1
0.264189,0.559909,2.145844,50.401552,4701.443194,0
0.170844,0.528987,1.379285,44.175634,2239.095486,0
0.794991,0.666514,3.610466,65.664872,8779.682189,1
0.617485,0.32401,2.799879,51.698811,5188.393479,0
0.068004,0.534065,2.364017,50.865963,7243.15386,0
0.614163,0.487418,1.617574,55.431713,1233.757973,0
0.749029,0.280461,1.708073,50.703028,3546.204164,0
0.816992,0.999819,2.569331,65.474626,850.129287,0
0.261991,0.958243,3.224884,63.003979,8534.794523,1
0.938714,0.654001,2.363456,62.3347,3113.773187,1
0.725378,0.641602,2.965247,60.668408,5567.556362,0
0.303965,0.963456,0.980266,56.486497,1186.288093,0
0.034953,0.251424,1.749844,39.716798,2192.725738,0
0.374794,0.559015,2.445976,53.948667,5488.047672,0
0.896287,0.640397,1.215732,59.115274,22.903148,0
0.327976,0.857847,0.709567,54.736951,359.430671,0
0.343274,0.104498,0.955468,41.104149,207.922838,0
0.465582,0.262774,2.984087,48.598783,8759.523711,0
0.181169,0.628235,3.300782,55.699828,7183.426062,1
0.096248,0.442213,1.647856,44.535113,2210.92942,0
0.659371,0.302303,1.429805,51.539794,1946.326895,0
0.515427,0.309189,1.742113,47.195776,2348.988864,0
0.487558,0.429015,1.766886,51.414297,2475.076767,0
0.908536,0.15616,1.850905,52.916027,6434.643405,0
0.71631,0.713035,2.379608,61.817112,5070.683667,1
0.929618,0.727167,3.411582,67.063456,6824.424685,1
0.218501,0.173129,1.649365,42.31551,2519.665364,0
0.862381,0.897896,3.160836,68.484393,5212.322735,1
0.863965,0.806442,3.530612,69.304665,7324.096107,1
0.897853,0.170341,2.497234,53.403481,5680.767678,1
0.301784,0.528532,3.189141,54.455908,6599.621183,0
0.532445,0.83732,2.359151,64.314604,5240.411086,1
0.829296,0.084371,2.934199,54.181841,8605.704358,1
0.805735,0.105155,2.257779,46.582397,5722.41224,0
0.027206,0.477514,2.433815,46.712025,6065.297464,0
0.717247,0.987574,3.674788,70.279472,6387.052028,1
0.157167,0.53478,1.400112,44.756564,1886.823019,0
0.807839,0.957182,2.577266,69.97156,3420.482081,1
0.4335,0.116263,2.355793,44.703432,5227.492612,0
0.552639,0.135009,1.628429,43.628314,2290.908367,0
0.477065,0.736194,3.665851,62.269979,8542.75882,0
0.262367,0.679042,2.919183,55.347155,4805.249335,0
0.715935,0.607897,2.006884,56.8991,2902.362417,0
0.51368,0.134546,2.676808,47.559908,6863.724626,0
0.309967,0.143542,1.791973,40.199643,3297.463682,0
0.93794,0.507817,1.92617,58.471489,2359.438577,1
0.465048,0.782922,3.396455,64.022779,8235.206722,0
0.30634,0.352347,1.678839,45.682662,2153.546108,0
0.15536,0.841585,2.408458,57.679432,5561.336904,1
0.022761,0.191694,2.569753,40.197961,6567.876786,0
0.808958,0.349553,3.22915,58.690374,8129.486068,1
0.161814,0.772144,3.843543,61.800013,8195.145004,1
0.372295,0.382898,1.140481,46.461926,589.238674,0
0.941315,0.269024,1.028996,49.524905,521.599561,0
0.668488,0.191891,2.100717,49.193888,3845.833026,0
0.178059,0.750294,2.275928,54.086151,4389.066961,0
0.293335,0.305257,1.120332,43.248716,668.347127,0
0.799241,0.913281,3.644756,68.740279,6668.383434,1
0.278361,0.452968,3.069331,52.372641,7250.355429,0
0.381592,0.429311,2.181236,49.055815,3978.436182,0
0.851374,0.139588,1.882986,48.791127,2192.952807,0
0.931872,0.854721,2.40687,66.440285,1018.360104,1
0.59593,0.837203,3.680889,64.706001,6855.200207,1
0.218813,0.393526,2.968251,48.149273,6538.405795,0
0.706645,0.524965,2.32752,55.012421,3947.309441,0
0.606106,0.645017,2.823886,58.286551,3743.052023,0
0.265479,0.634962,1.825215,50.307916,3876.322811,0
0.946307,0.417413,2.679017,57.030708,3805.568492,0
0.559924,0.525019,2.660954,56.970252,7310.227966,0
0.521171,0.808752,3.093649,63.078377,6407.106007,1
0.204865,0.360949,3.606119,51.51055,8117.628008,1
0.752098,0.938888,2.121903,62.954719,1228.837927,1
0.737879,0.303352,2.217455,49.736624,3960.985666,0
0.488657,0.332825,1.987221,50.328228,3633.02451,0
0.04747,0.214425,1.084348,37.55058,930.299408,0
0.770881,0.292952,1.968795,50.10837,1593.497243,1
0.052364,0.268902,1.870943,41.353701,2660.25502,0
0.398109,0.675033,3.043453,57.116818,5889.174477,0
0.073182,0.550239,3.361743,51.47694,8843.565991,1
0.912818,0.995449,2.04218,65.79702,1260.128914,0
0.372467,0.915888,1.961545,58.227835,2367.878219,0
0.780782,0.958803,3.522834,71.69207,6886.482871,1
0.160753,0.272871,2.905992,47.176171,8144.542036,0
0.872139,0.914943,2.537794,65.735325,1498.636127,0
0.932674,0.917454,2.781618,70.05785,4349.314407,1
0.695096,0.469812,3.057331,57.417315,7809.650313,0
0.168973,0.339756,1.196278,43.598164,740.16207,0
0.549394,0.24138,2.651501,48.653128,4376.320399,0
0.349137,0.114181,1.068584,40.572445,965.880267,0
0.215784,0.966823,2.877259,60.626859,5862.757955,0
0.394116,0.115767,2.466473,46.012098,5643.95435,0
0.532291,0.591491,1.637133,48.557461,924.62615,0
0.67928,0.479725,3.870825,59.533213,8371.811574,1
0.040432,0.292823,3.124964,45.741102,8415.432248,0
0.58194,0.518237,2.645307,54.704051,5054.406876,0
0.626784,0.847932,1.957812,59.915294,486.28933,1
0.104043,0.976857,1.589705,56.117913,1389.827486,0
0.719568,0.613403,2.86266,59.126135,4685.499605,1
0.805282,0.860956,2.256005,65.117082,1929.444279,0
0.453608,0.285199,3.41195,51.68806,6607.892807,0
0.411863,0.509388,2.120857,53.968748,6119.373727,0
0.863371,0.839874,1.481511,62.306341,472.422156,0
0.003167,0.558645,2.453615,49.61927,4576.698478,0
0.161669,0.405995,0.89986,42.152371,299.418309,0
0.246841,0.113671,1.970546,41.448567,3875.936143,0
0.868827,0.430097,2.810401,60.562401,4831.001367,0
0.741083,0.766931,2.48809,61.295527,3603.565355,1
0.653876,0.652595,1.976174,57.253046,946.525969,0
0.33434,0.932106,1.287605,55.403983,2012.46121,0
0.715485,0.601702,2.100313,57.67182,2359.459882,0
0.441931,0.441204,1.207361,47.900458,696.799735,0
0.394295,0.808598,2.502273,59.711947,5017.380904,1
0.599349,0.952851,1.742571,60.70605,368.691578,0
0.475161,0.796566,3.432828,63.919132,7754.406469,1
0.254377,0.244035,2.508996,44.743216,4994.028842,0
0.547241,0.681366,3.153182,58.997153,6891.58173,0
0.056741,0.925125,2.544173,59.112542,6186.572317,0
0.773872,0.240264,0.995896,48.763595,1237.712685,0
0.139782,0.840883,2.014424,54.003955,5189.55457,0
0.094366,0.837122,2.407233,56.4735,5401.033682,0
0.912336,0.261584,1.335366,53.223148,2782.134618,0
0.591857,0.822387,3.832088,63.954561,6761.0087,1
0.34519,0.747553,1.482253,52.185861,557.719055,0
0.433526,0.808138,2.512365,60.444052,3813.279975,1
0.650204,0.911524,2.381454,64.150452,3635.742914,1
0.617687,0.432162,3.323848,57.136061,8574.338087,1
0.239925,0.441797,2.105714,49.554482,5803.203323,0
0.239891,0.922605,1.682794,56.674594,1634.784181,0
0.919172,0.783349,2.442509,63.432736,3286.856569,1
0.082955,0.246047,1.238023,38.573731,599.791326,0
0.24366,0.879848,3.270159,65.253805,8631.725215,0
0.830962,0.554061,1.81209,55.67292,1840.955164,0
0.811553,0.480961,1.986223,56.456633,2044.294305,0
0.739421,0.423076,2.289339,54.575661,3728.18865,0
0.700873,0.555903,4.139593,64.328881,8495.128178,1
0.411058,0.685049,2.596353,58.321653,6982.908396,1
0.675706,0.890542,2.12518,59.695149,562.201055,0
0.598223,0.854954,3.683802,66.177634,7577.130678,1
0.46292,0.800091,1.088249,56.449288,369.086283,0
0.839971,0.989507,2.802721,67.668449,3121.97114,1
0.045379,0.661614,1.771697,50.205224,4101.393133,0
0.466183,0.564048,3.160398,55.966732,7211.663029,0
0.396188,0.95872,2.544561,63.776912,4788.177523,0
0.855659,0.380202,2.216572,57.995886,3322.751847,0
0.214708,0.705187,2.812239,54.612973,6212.94523,1
0.105733,0.321165,2.544991,46.827613,5353.673388,0
0.033921,0.315516,3.207569,47.07906,8889.105144,0
0.143902,0.943047,2.910173,61.387566,8658.706568,0
0.236408,0.502358,3.652308,56.394728,8674.48759,1
0.06599,0.695809,3.275902,56.528281,8700.900231,0
0.483442,0.098178,2.957693,45.981739,6865.222705,0
0.806092,0.109141,2.693378,52.890875,6317.49021,0
0.140597,0.712139,2.15188,51.087606,4626.540048,0
0.874776,0.437644,2.011349,56.110896,2456.034888,0
0.42554,0.875207,4.073123,65.561296,8947.609935,1
0.840877,0.899732,2.87976,65.470817,2980.195376,0
0.124569,0.814412,3.116533,59.066844,7198.659658,0
0.395206,0.692768,0.977793,51.423567,914.084473,0
0.736989,0.803831,2.968003,66.403518,5867.642586,0
0.687207,0.877336,3.214393,67.781011,6645.088354,1
0.694535,0.61679,2.67364,57.002105,3785.08079,1
0.607907,0.671409,1.537413,58.526288,2535.891825,0
0.358729,0.126518,3.718292,48.455549,8259.497495,1
0.742503,0.33116,2.206897,55.297711,3898.916953,0
0.469835,0.33982,1.933741,48.685361,2759.622197,0
0.443921,0.928868,1.854229,60.062514,1534.289227,0
0.924992,0.165495,3.697918,57.491607,8671.252174,1
0.583458,0.269275,1.280423,46.743937,1432.757181,0
0.013063,0.768958,1.956182,50.08979,5048.665981,1
0.489723,0.585578,3.280642,55.450705,5764.513104,0
0.902108,0.547515,2.081911,57.941091,2187.703625,1
0.174083,0.424775,2.470085,48.280584,6683.425348,0
0.871066,0.151955,0.763541,48.073233,73.337221,0
0.475497,0.622246,3.312493,59.9278,7046.353574,0
0.790599,0.757736,1.832236,59.181118,1545.054351,1
0.902471,0.866766,4.04571,70.1919,7882.531037,1
0.804164,0.298838,1.273438,54.236965,646.078128,0
0.669403,0.353017,2.976321,54.198984,6738.961268,1
0.856035,0.912597,2.675332,65.95457,1116.355712,1
0.23536,0.263009,2.098001,41.884169,3105.755393,0
0.683418,0.481531,3.773963,59.968814,7936.213143,1
0.919138,0.165887,3.761653,58.691588,7843.519877,1
0.184631,0.320361,1.489557,40.589326,147.24128,0
0.377448,0.386995,1.679946,49.233013,2653.902864,0
0.92402,0.786038,3.305823,66.504813,4480.408747,1
0.691853,0.907943,3.049227,67.79775,6132.738772,0
0.350027,0.824955,2.725353,59.939377,6696.441124,0
0.641246,0.178688,0.980134,42.306973,232.988324,0
0.857282,0.271215,2.666631,56.564937,5081.09278,0
0.636659,0.240821,3.619965,53.10781,8889.669258,1
0.354675,0.727092,3.234082,59.192733,6601.502059,1
0.132737,0.990753,1.016911,52.053127,598.077954,0
0.940901,0.449456,1.453458,57.641811,619.543392,0
0.022999,0.963519,2.600794,59.974443,7614.128823,1
0.422672,0.345491,1.581953,46.112184,2672.731469,0
0.690251,0.380086,1.340019,49.378838,274.15873,0
0.325942,0.993365,3.033158,62.524555,6247.171228,1
0.840052,0.49502,1.427286,51.924031,487.106623,0
0.892166,0.900801,3.388075,67.955812,5566.620096,1
0.177993,0.159797,1.964973,44.749652,4691.62833,0
0.82218,0.86204,3.091287,68.29349,6459.448463,1
0.181357,0.819418,2.884673,59.861156,7068.976457,0
0.608943,0.086776,2.591313,48.503995,8487.402559,0
0.772106,0.201207,1.864029,47.835407,1967.78168,0
0.517197,0.507973,1.247441,49.269767,409.639026,0
0.194991,0.724578,1.651104,52.264197,2803.894411,0
0.748375,0.802355,3.179049,65.919134,6214.351541,0
0.877044,0.750875,2.930749,66.663707,5789.375516,1
0.728423,0.092488,1.079967,44.97089,2426.262093,0
0.173013,0.496903,1.369947,47.46546,1378.364434,0
0.150687,0.160765,1.241929,36.827557,763.677884,0
0.422544,0.856855,2.025393,60.567255,4011.687883,0
0.919152,0.884679,2.612013,65.177176,1177.667706,0
0.807797,0.794246,2.768618,64.115163,5203.024271,1
0.782444,0.142434,3.012439,53.713009,7130.125092,1
0.676836,0.429509,1.856869,50.381889,3533.319249,0
0.90503,0.458143,2.10438,58.246701,2206.811546,0
0.464886,0.638927,1.916717,55.929427,2467.506702,0
0.582305,0.28462,1.64706,50.26993,4224.306566,0
0.588612,0.970947,3.168361,66.791417,5212.857595,1
0.337851,0.390776,1.29861,43.494582,711.084653,0
0.883476,0.586315,2.032508,58.360263,333.537345,1
0.084978,0.863446,2.969448,59.631503,7560.982882,1
0.411186,0.61321,3.400374,58.255257,6452.109138,0
0.343818,0.54296,3.272605,55.167556,7028.412568,0
0.026653,0.93814,1.009723,52.430068,2443.721084,0
0.823481,0.363207,3.638335,58.660893,8784.804173,1
0.896798,0.309744,2.059344,53.475832,3655.11615,0
0.724993,0.389731,2.553208,55.699451,4265.835189,0
0.841412,0.090758,3.284545,51.824369,6625.581413,0
0.56029,0.275528,1.417099,46.185044,695.533079,0
0.532636,0.95634,1.775093,62.049001,1838.962327,0
0.370477,0.982535,3.595612,64.841492,7315.938441,1
0.168603,0.588722,2.425328,51.075212,4576.183826,0
0.644069,0.527629,1.557806,55.936009,362.196495,0
0.617506,0.15125,1.72953,44.103889,2736.081682,0
0.573485,0.581957,2.164159,55.992015,2083.065335,1
0.88441,0.439019,3.772377,63.173773,8409.869703,1
0.594802,0.843606,2.533629,65.092465,6423.124843,0
0.386415,0.48291,2.482258,52.89358,5617.513296,0
0.875236,0.192679,1.428809,52.104755,1897.043953,0
0.674401,0.667288,1.740988,55.444604,1256.881555,0
0.168776,0.404583,1.283994,45.955864,1400.074372,0
0.821157,0.933019,3.183086,70.925091,7175.071297,1
0.352292,0.468192,3.163994,54.333102,7408.165608,1
0.224602,0.953853,1.407634,56.56022,2485.236669,0
0.498438,0.56346,1.10435,50.422703,4.020764,0
0.039135,0.252387,1.04919,36.21897,1132.043023,0
0.589417,0.396587,0.892073,49.398028,168.298273,0
0.934528,0.72615,4.174917,70.163459,6573.708206,1
0.08985,0.511705,1.530641,47.03539,2675.613119,0
0.669034,0.466203,2.260436,54.650905,1731.674433,1
0.916129,0.182183,2.760654,54.405701,6407.28355,1
0.792723,0.13096,2.48338,52.45428,4398.911652,0
0.504953,0.171068,1.341949,45.022682,3595.798481,0
0.91183,0.081228,2.855952,55.287207,8349.569607,1
0.434484,0.175977,3.050324,48.114494,7184.22123,0
0.163406,0.788386,2.897311,54.160334,7659.124972,0
0.814692,0.570747,1.23953,55.842333,376.994516,0
0.564296,0.932931,3.260881,66.903835,4815.113773,1
0.613829,0.760521,1.79199,57.645538,851.550952,0
0.918008,0.310895,3.241588,55.463236,6881.189407,0
0.158211,0.268518,1.467443,40.248467,578.572865,0
0.052311,0.805728,0.702983,48.647045,151.092097,0
0.053146,0.827011,2.736496,56.754255,7713.455383,1
0.53867,0.682459,2.72934,55.712935,3828.541392,1
0.919336,0.487686,2.275365,61.117532,4523.486074,0
0.279066,0.378933,3.332056,51.047856,7080.254302,1
0.516141,0.928244,2.565692,61.31876,4597.975399,0
0.582592,0.585299,1.718542,54.661463,2648.655618,0
0.478081,0.937246,2.72339,62.287595,3794.621824,0
0.527701,0.544026,1.366108,49.879371,43.08861,0
0.367853,0.983253,2.860948,64.886076,5194.823514,1
0.316657,0.211243,2.197367,42.726122,2794.924442,0
0.146598,0.902944,3.001818,56.401026,7318.829678,0
0.369707,0.701053,3.968672,59.749891,8629.669574,1
0.245218,0.166492,2.444652,45.1165,6760.375771,1
0.173701,0.560662,2.919618,52.560691,8196.127291,0
0.061329,0.380339,2.667572,47.685038,5654.708576,0
0.513255,0.707377,2.191857,54.018717,1462.541656,0
0.0406,0.761343,1.641743,50.69168,2862.260764,0
0.881968,0.820959,3.064339,66.725058,4691.794264,1
0.126504,0.29693,2.16935,44.012864,5006.99604,0
0.903709,0.958362,2.90092,70.194318,4189.397771,0
0.621851,0.705759,2.899765,60.986409,6149.355505,0
0.685796,0.128107,2.283087,47.398243,3981.368656,1
0.883539,0.703818,2.561378,64.589918,2602.250212,0
0.768137,0.458395,1.426448,52.334044,491.54704,0
0.616562,0.546208,3.126527,59.614835,6460.148885,0
0.663256,0.57311,3.178663,59.5666,8029.704441,1
0.772735,0.637177,2.58032,61.095085,5325.883504,0
0.095275,0.402801,3.135703,50.959077,7939.637734,1
0.200287,0.95752,1.098138,53.896337,839.772085,0
0.895306,0.099643,1.417193,47.64982,2515.186336,0
0.697811,0.693813,2.949227,62.368977,7457.628143,1
0.784706,0.978737,2.684691,68.305912,2875.613639,0
0.5118,0.665107,1.701355,55.591371,2921.38002,0
0.590402,0.470869,1.583141,55.192455,3560.000398,0
0.850937,0.89721,3.383863,70.131231,4222.63264,1
0.476817,0.439283,2.060006,51.587323,3624.999831,0
0.155722,0.734751,2.163664,52.639043,3643.755594,0
0.181772,0.760696,2.073879,53.507229,3566.364503,0
0.556287,0.81726,1.765536,56.391414,1333.808079,0
0.476171,0.422695,1.557205,46.788357,1650.032151,0
0.740222,0.127584,2.155801,46.562804,4394.029747,0
0.765449,0.161891,1.995905,48.742159,2849.871633,0
0.780002,0.709863,1.729139,60.297534,363.096902,0
0.676228,0.401841,1.709667,51.337681,1998.729502,0
0.301123,0.09338,1.870776,43.575856,3557.942661,0
0.071238,0.633353,1.893625,49.723508,4109.911564,0
0.142475,0.143968,2.504359,41.025725,5249.925761,0
0.204989,0.757958,3.354962,59.264053,7732.960083,0
0.240587,0.585242,1.945052,50.18536,3883.084036,0
0.279968,0.339354,1.820189,45.32781,4270.031188,0
0.007774,0.91397,3.513231,59.955223,8756.823937,0
0.584412,0.362006,2.738163,52.816109,5324.517581,0
0.935276,0.634896,2.263908,59.69449,1050.765078,0
0.687143,0.51625,2.595268,55.624627,4493.565653,0
0.152823,0.954627,2.013523,56.190385,1894.03678,0
0.475609,0.556883,3.151291,59.800744,7042.966369,0
0.685098,0.972106,2.132389,65.650448,2198.142915,0
0.409015,0.842385,3.207586,61.773671,5703.648832,0
0.411709,0.653564,3.308232,56.92893,7352.719306,0
0.200775,0.451275,1.772129,46.446322,3487.066957,0
0.311183,0.098947,0.826264,36.618883,409.406989,0
0.622812,0.099861,0.755962,43.534587,1832.82868,0
0.706167,0.935776,3.373151,66.322264,6797.917562,1
0.650356,0.174327,2.3629,48.633695,5041.925378,0
0.378992,0.775442,3.168914,60.465081,8585.362314,1
0.734113,0.518478,4.09696,60.155419,7897.404507,1
0.39868,0.308544,0.540951,44.888063,41.404399,0
0.198938,0.127175,2.346541,40.986745,3840.287685,0
0.028406,0.127655,2.038085,36.839111,2985.783746,0
0.632933,0.811463,1.282345,58.516053,143.033705,0
0.872649,0.134612,1.321925,49.048403,1373.000807,0
0.731942,0.712771,3.284442,64.385118,6222.946623,0
0.596168,0.234715,3.375121,51.234639,7717.460694,1
0.740641,0.480055,2.506189,58.948618,6258.713595,1
0.154716,0.327051,1.005302,37.589442,620.63908,0
0.739836,0.228084,2.827863,51.654502,4747.051498,1
0.741298,0.223463,3.009565,55.252214,7569.533488,1
0.572136,0.903095,3.310611,66.259412,5106.302893,0
0.940045,0.694702,1.772602,61.56647,430.446958,1
0.718509,0.326045,3.12295,55.771929,8188.103996,1
0.707428,0.752034,3.072121,61.505341,3887.386347,1
0.387861,0.422534,2.303038,49.234804,3623.139455,0
0.198093,0.217942,2.91854,47.152391,7373.445688,0
0.725074,0.348331,1.87162,51.054003,3309.066731,0
0.077017,0.624257,0.806204,46.825026,469.192569,0
0.268014,0.492764,1.491498,44.40129,1011.897981,0
0.768644,0.287843,3.092908,55.378776,8777.525807,1
0.348727,0.909515,1.616742,55.026595,477.83058,0
0.764928,0.335994,1.83645,53.135608,3734.658492,0
0.476883,0.548525,1.472663,49.096113,1174.338102,0
0.922588,0.681125,3.655517,64.992955,7783.255215,0
0.113864,0.174155,0.978706,36.357815,861.504552,0
0.792012,0.502071,2.370177,58.416354,4696.554868,1
0.477487,0.474023,1.865174,50.570057,1762.192213,0
0.90237,0.222844,2.497591,52.520514,3404.529475,1
0.301525,0.399779,2.49219,49.723649,5382.275575,0
0.173124,0.949641,2.388792,59.332853,6117.557569,1
0.381891,0.503133,1.64222,47.182207,2300.11416,0
0.098053,0.729366,1.612633,51.617935,2283.981102,0
0.480113,0.355485,2.071021,50.153542,4189.068181,0
0.004483,0.882004,2.924407,56.058567,6854.816851,1
0.343049,0.224877,3.162652,50.825933,8544.440236,0
0.621644,0.556165,3.242688,61.723396,8438.4303,0
0.008025,0.32671,2.031009,41.768933,3860.751436,0
0.356004,0.414088,3.115395,54.044856,7662.555403,1
0.868516,0.109208,1.489634,48.124417,2760.426862,0
0.549504,0.134207,1.411355,42.518354,187.967793,0
0.708286,0.756799,1.490015,58.941356,400.664185,0
0.856506,0.236508,3.603116,57.56562,7495.602416,0
0.215104,0.1603,2.58856,45.231763,7789.116152,0
0.277711,0.332147,2.258949,46.221588,3867.290544,0
0.648737,0.187662,1.041931,45.186292,501.056735,0
0.862275,0.90845,3.189194,69.568306,2955.126987,0
0.898801,0.191324,2.134079,51.215885,4039.462096,1
0.792181,0.090899,2.195584,47.450139,3178.677564,0
0.511406,0.335142,3.387151,53.970533,8734.240375,0
0.015411,0.350439,2.756687,44.782104,6943.870037,0
0.275107,0.166512,1.847729,40.35092,4004.47247,0
0.043386,0.130102,2.348138,38.472538,5531.960768,0
0.678286,0.830538,3.886336,66.027826,7507.792126,1
0.192997,0.160318,1.708291,36.723239,2306.531,0
0.826392,0.433144,2.238328,55.096169,4245.280787,0
0.296064,0.455478,3.644382,57.892232,8816.607678,0
0.670074,0.257403,1.944001,52.678435,4869.498911,0
0.775643,0.659622,3.596506,64.954567,8302.740049,1
0.213728,0.181021,1.286556,39.594376,1603.240317,0
0.486362,0.988464,1.932846,61.97024,2548.682146,0
0.548673,0.744651,2.872617,61.458094,6113.718389,0
0.288258,0.676331,3.15113,58.880262,7817.679789,0
0.248593,0.794687,2.601683,57.232398,6480.247487,1
0.082726,0.602649,2.198395,46.967034,4583.594473,0
0.889053,0.296819,2.74305,55.445388,5686.558169,0
0.510173,0.570207,1.947216,51.493328,1357.720377,1
0.835481,0.670368,2.590311,61.773571,2621.577465,0
0.367879,0.585421,2.085494,51.891522,3321.102312,0
0.500548,0.93039,4.152719,68.504977,8846.225543,1
0.770098,0.23997,2.571864,52.592008,5592.857235,0
0.535161,0.168556,3.283125,51.090984,6915.111285,0
0.857318,0.908568,3.138341,70.197399,6278.17398,1
0.750158,0.918261,2.727385,63.065288,1134.314259,0
0.065011,0.317147,1.871577,42.2392,4957.254903,0
0.133954,0.645148,1.364634,46.715978,850.325879,0
0.67844,0.70698,3.400038,66.629281,6742.282603,1
0.735835,0.587732,2.903832,62.820076,5542.411094,1
0.373656,0.729856,1.962006,56.757201,1728.195973,1
0.620883,0.151808,3.036419,52.157003,8298.242017,1
0.775502,0.894014,2.532691,67.451442,2744.05752,1
0.120327,0.308756,1.918689,44.94643,3794.904358,1
0.106513,0.810341,3.491995,58.559124,8372.379661,1
0.921611,0.402149,2.438425,59.552785,5796.067051,0
0.145485,0.373094,2.287847,47.246972,5032.805518,0
0.231935,0.967313,0.692446,54.140554,207.057383,1
0.413294,0.777639,2.220726,60.167923,5719.101457,0
0.69976,0.520942,3.720231,63.778032,8755.362341,1
0.613427,0.41061,2.417458,53.972432,3684.826026,0
0.164451,0.873407,2.145851,56.979951,5644.466301,0
0.375803,0.167823,2.569316,47.086803,5161.156436,1
0.638378,0.906937,3.91713,70.542922,8289.958925,1
0.386161,0.207305,2.30119,45.571705,4095.416338,0
0.273769,0.703602,2.425867,56.818734,5077.038449,0
0.348928,0.589396,2.542063,56.553709,7517.500934,1
0.75967,0.753909,3.445947,66.020366,8691.890405,0
0.581393,0.091897,3.023195,48.587453,7834.594261,0
0.755941,0.411231,2.474424,56.881235,4522.214245,0
0.629631,0.790102,2.846582,63.976275,4574.626591,1
0.114752,0.577134,2.124395,48.571173,3409.324338,0
0.2877,0.119302,3.215519,46.600893,8590.197102,0
0.61688,0.875966,1.590687,59.841793,161.368722,0
0.065248,0.422829,1.989838,45.84173,5472.420302,0
0.162938,0.098317,1.223188,36.802563,2155.371479,0
0.25577,0.772669,3.134489,60.106539,7330.664217,1
0.211909,0.62789,2.502912,53.612551,4752.74162,0
0.866841,0.296413,2.347303,53.470392,4465.950828,0
0.089611,0.472437,0.70485,44.643468,77.800569,0
0.911635,0.670811,2.125148,60.596653,1622.83161,0
0.101654,0.901254,1.263273,54.1252,1498.130517,0
0.415909,0.292021,1.829846,47.091936,3426.892043,0
0.049924,0.334515,0.9473,41.529676,1727.05009,0
0.351281,0.130786,2.022086,45.191793,4202.758835,0
0.211059,0.772111,1.475938,53.34825,1189.329873,0
0.514595,0.867531,3.058403,64.955358,6734.776211,0
0.463191,0.663983,1.483107,49.492957,30.335796,0
0.864232,0.981157,4.412976,70.058584,6389.17914,1
0.271355,0.991009,2.427871,61.56537,4650.893571,0
0.859921,0.848568,3.059272,66.280198,4519.437535,0
0.916764,0.533657,3.752889,63.851095,8326.0739,1
0.710659,0.601585,1.899043,57.377132,2866.189374,0
0.767364,0.810528,2.145068,63.77812,2586.95417,1
0.571885,0.428688,3.12764,55.717008,6097.620417,0
0.429487,0.891799,1.868536,59.049898,2722.944818,0
0.510363,0.738076,2.94186,63.001163,7211.543875,1
0.599478,0.370885,2.523901,52.620342,3291.537598,1
0.34872,0.598849,1.663288,50.601552,510.370403,0
0.652567,0.740126,3.284688,62.737928,7705.829552,1
0.508108,0.507181,2.24115,49.601267,3479.282297,0
0.022721,0.824942,1.659674,55.128514,3066.031943,0
0.792172,0.882762,3.583522,71.539109,8642.496758,1
0.815768,0.515026,3.428646,63.231015,8190.936111,0
0.72969,0.862611,4.17522,69.087624,8175.075187,1
0.506305,0.332096,3.989236,55.418026,8361.446877,0
0.093654,0.386682,2.287928,44.453717,5349.09881,0
0.772899,0.280857,2.820432,53.155438,5522.539541,1
0.086562,0.893188,1.136405,53.757794,519.88424,0
0.207316,0.342357,3.487762,48.458377,7320.666951,0
0.283695,0.133979,3.105225,45.175336,6938.223739,0
0.588956,0.652725,2.054631,57.612937,3117.852209,0
0.651305,0.47885,2.428262,53.039614,4392.489122,0
0.491596,0.481993,2.264041,52.469452,2487.426306,0
0.212096,0.909431,2.245868,58.840532,5335.466171,0
0.651763,0.625812,2.596917,59.700469,4546.026225,0
0.169352,0.505744,2.899771,50.833468,6524.92501,0
0.15375,0.090748,3.375174,44.795351,8763.954327,0
0.543841,0.378174,1.339479,47.445972,549.922931,0
0.130061,0.561773,1.656341,45.26573,535.437952,0
8.1e-05,0.999501,2.8286,62.561536,7785.691502,0
0.648048,0.78677,1.83398,56.753065,1014.4115,0
0.800207,0.579364,1.26182,55.177615,283.091278,0
0.287977,0.57821,2.749612,53.099792,6178.149023,0
0.376736,0.63894,2.171463,54.282121,5362.096883,0
0.039466,0.219855,3.491921,46.7877,8912.085241,0
0.740826,0.861404,3.311447,68.376083,5664.386129,1
0.822606,0.93445,1.925946,62.44434,423.528136,1
0.545402,0.248047,2.740978,52.200704,5881.441687,0
0.678616,0.369945,2.055303,52.198253,1239.414656,0
0.365913,0.38689,2.587498,50.339454,6705.167734,0
0.360732,0.845561,2.728059,58.883653,4781.870896,1
0.566218,0.795868,2.461709,62.520666,3640.369312,0
0.639317,0.379378,2.694994,57.946532,5480.117911,1
0.742215,0.489574,1.464979,53.402343,1138.105522,0
0.578489,0.273234,1.361307,44.678182,827.173219,0
0.52143,0.558264,2.204059,54.93482,2862.581015,1
0.025331,0.824998,3.227838,57.926263,6933.629532,0
0.327028,0.94468,1.954644,61.585029,4921.523739,1
0.935098,0.36364,1.401735,55.847581,505.374492,0
0.210745,0.244332,1.991557,42.196215,3878.592444,0
0.635236,0.26555,3.361415,53.643531,7262.780537,1
0.406702,0.519911,3.334453,57.196115,8280.523049,1
0.60575,0.194575,2.267019,49.136363,4569.100905,0
0.601695,0.883137,1.979236,62.438587,1170.678516,0
0.188673,0.09906,2.105813,41.586426,4757.193213,0
0.935486,0.588974,1.678249,57.91433,1428.735927,1
0.7508,0.687899,2.071627,58.705062,2683.459164,0
0.819705,0.647077,1.906095,59.679266,849.350257,1
0.927233,0.813727,3.287233,67.461166,3828.418747,0
0.176706,0.207413,2.207103,41.16344,4457.207565,0
0.677139,0.80417,2.930388,62.409281,2814.286928,1
0.022626,0.484897,2.180911,44.960754,6493.649334,0
0.092624,0.473258,1.596335,45.425111,2637.1098,0
0.795564,0.168626,2.900686,51.880877,6401.969925,0
0.453854,0.730545,3.475782,61.642829,8540.105602,1
0.689964,0.783083,2.123174,58.40889,1230.753285,0
0.042165,0.346385,3.627985,47.764388,8223.415907,0
0.074192,0.749761,1.588474,50.722128,1110.059284,0
0.439957,0.935118,2.150973,57.45921,3670.598835,0
0.187994,0.75324,3.273212,60.582752,8723.915883,0
0.366737,0.126402,2.117295,45.063892,5070.27662,0
0.329316,0.131571,1.959415,41.914835,3424.504506,0
0.840211,0.292792,1.793322,53.28844,1126.532835,0
0.858433,0.759095,4.209575,67.988541,7968.548394,1
0.409298,0.670481,2.155831,53.215016,3282.187682,0
0.103099,0.798271,3.030024,58.08751,7566.830914,0
0.226466,0.981517,2.496,61.603381,3756.41946,1
0.335106,0.962669,2.944579,60.630694,6718.995841,1
0.743013,0.752602,1.796284,57.571743,185.09763,0
0.193083,0.464711,2.092054,50.175136,5838.953171,1
0.145729,0.925082,2.090371,58.348772,5265.082815,0
0.479089,0.363589,1.666885,48.902103,3221.421469,0
0.487624,0.407504,3.048464,54.716214,7991.468625,1
0.010379,0.931774,3.004661,59.226602,8120.845099,0
0.752844,0.841934,3.555673,66.041849,7769.245943,1
0.576316,0.74351,1.773389,57.928153,1292.000944,0
0.13368,0.422393,3.367788,51.337547,8428.744616,0
0.269071,0.595365,1.401386,50.073703,1366.022862,0
0.745534,0.262675,2.411358,51.269203,4541.874389,0
0.789541,0.740668,2.601955,61.642981,3863.500077,1
0.717054,0.558471,2.588099,57.385058,4955.312719,0
0.465073,0.752801,2.787784,60.959617,4353.237016,0
0.240794,0.593576,2.172572,48.307133,897.297418,0
0.009485,0.129512,2.240464,39.336718,6908.372263,0
0.422889,0.399175,1.660253,51.050687,3470.090306,0
0.086081,0.866821,2.297096,54.645057,4708.746032,0
0.243077,0.756033,3.394072,59.805726,6672.447971,1
0.789901,0.998096,3.341295,70.575629,6581.876852,1
0.53529,0.575054,1.617257,56.095724,253.595103,0
0.566908,0.863121,3.842988,65.438598,8301.840144,1
0.460857,0.655216,2.101005,54.3206,4351.883555,1
0.136634,0.981413,1.680561,55.525584,2093.580857,0
0.324922,0.272487,0.922055,42.73938,496.126923,0
0.228488,0.759715,3.189994,60.855079,7571.970346,1
0.79471,0.452,1.827657,55.481464,2722.790872,0
0.234031,0.578744,2.152674,50.753514,3001.375148,0
0.094834,0.18918,0.620905,36.63809,624.339542,0
0.643597,0.166946,3.078466,49.149287,6644.263158,1
0.29538,0.74176,1.209445,51.095261,327.541612,0
0.431384,0.110068,2.849195,49.67819,5965.586926,1
0.18571,0.70546,2.870778,56.086608,7228.461061,0
0.282579,0.402681,3.090536,51.152381,6713.991385,0
0.451483,0.48384,1.887746,51.283051,2858.069366,0
0.459164,0.728105,3.415436,61.3109,7586.649226,0
0.252744,0.583573,2.055545,52.358513,4208.669063,0
0.537735,0.949897,2.549064,64.348417,2292.639341,0
0.467706,0.504564,3.185815,56.084882,8506.957669,0
0.497253,0.317991,3.604284,55.298758,8285.878171,0
0.386863,0.500185,2.709631,53.522656,4925.521691,0
0.119939,0.210867,2.987889,44.482472,6771.91665,0
0.546659,0.948729,3.701889,67.105862,8619.352037,1
0.545394,0.946669,4.304378,68.491462,8474.034892,1
0.627217,0.544995,3.189277,59.309911,7318.986936,0
0.881201,0.384663,3.471312,60.959503,7763.740807,1
0.060812,0.533593,0.721851,44.586456,308.897258,0
0.172154,0.734989,3.287527,56.531854,7319.477181,0
0.710122,0.607337,2.36028,55.920006,2892.728387,0
0.225584,0.5728,2.264984,49.66076,3733.123988,0
0.303017,0.718388,2.372653,54.488162,5049.318457,0
0.381114,0.488199,2.239185,50.271571,4688.958723,0
0.526156,0.378385,2.03691,46.640907,4046.000229,0
0.396966,0.697991,2.138843,56.479009,2990.074675,0
0.528336,0.167544,3.36915,52.264369,7880.999527,1
0.548549,0.241651,3.641461,55.589387,8770.595324,0
0.898491,0.185561,3.615794,56.786928,8214.075195,1
0.389928,0.707285,3.737558,57.76164,8060.023748,1
0.087232,0.083611,2.15979,37.45885,5379.03156,0
0.906085,0.373283,2.843412,59.147991,4305.092712,1
0.306363,0.820037,2.138507,57.322693,3803.685495,1
0.068746,0.761674,1.161815,51.768451,1213.320366,0
0.343806,0.312538,2.51667,49.863889,5623.348106,0
0.552105,0.668615,2.324229,58.609653,3542.843573,1
0.491937,0.479779,1.8635,49.914801,2992.247553,0
0.028882,0.092944,2.060235,37.894936,5226.766497,0
0.231852,0.091272,1.085642,37.883665,743.04342,0
0.414889,0.401001,1.82183,47.781351,3099.68927,0
0.173699,0.657786,1.2867,47.975289,1870.941104,0
0.934081,0.823702,3.244486,64.503807,5122.084661,1
0.908582,0.258023,1.633334,51.726484,1270.727744,0
0.93293,0.349173,3.275024,60.666854,7306.012723,1
0.204165,0.549952,2.190601,52.720154,4001.718093,0
0.652058,0.911726,1.603923,60.069198,105.102089,0
0.672037,0.826765,2.757563,60.709715,4108.676667,1
0.230042,0.835503,2.765877,61.348793,6955.327183,1
0.937326,0.477976,2.791008,59.808593,3902.647044,1
0.685384,0.444309,3.443956,59.052527,6731.837895,0
0.889591,0.08069,2.162654,49.90519,4293.303392,0
0.291727,0.698265,1.701063,54.171146,417.666946,0
0.213382,0.866831,2.333296,59.625381,4373.845687,0
0.004262,0.281248,1.853321,39.464182,4970.132021,0
0.705077,0.711351,3.386211,64.47312,7337.552253,1
0.949212,0.732795,3.890821,68.707777,6662.193947,1
0.23567,0.645647,1.14984,50.22467,542.11292,0
0.783008,0.120704,2.781852,49.957871,5955.918629,0
0.115594,0.415562,2.019199,46.527709,3358.182031,0
0.418387,0.44702,3.51527,55.462837,7754.028147,0
0.893199,0.994237,2.883149,66.658343,2424.451912,0
0.267159,0.964451,1.369369,56.482506,2578.55735,0
0.200495,0.633339,2.505602,49.746675,4381.073831,0
0.697707,0.234928,3.496402,55.438037,8939.857123,1
0.28563,0.737514,2.913351,56.36596,7105.195935,0
0.142775,0.171706,1.262587,36.259343,2481.378202,0
0.480203,0.33702,1.323706,45.130072,527.482575,0
0.815454,0.223774,2.105647,50.793224,3727.487198,1
0.467856,0.428579,2.83575,52.081671,6745.2434,0
0.412537,0.763617,3.361395,60.868099,8161.003257,1
0.685876,0.532401,2.040528,55.762402,3568.275833,1
0.411545,0.529566,2.677096,53.400383,4899.832293,1
0.212227,0.926422,2.217287,59.431573,2097.89562,0
0.914041,0.683541,4.005758,66.374311,6454.837858,1
0.234156,0.772416,1.631655,53.1739,1712.727747,0
0.614538,0.114087,2.314191,48.594036,5063.139343,0
0.081717,0.702719,2.234842,53.631174,5650.288941,0
0.612308,0.610217,2.646313,56.971727,5248.123406,0
0.615104,0.204374,1.52654,45.692246,3458.518924,0
0.544505,0.420223,1.604533,50.48318,1011.081236,0
0.543572,0.868986,2.655369,61.298614,3956.627635,0
0.017253,0.876445,1.279661,51.110474,260.541123,0
0.642998,0.192865,1.24304,47.109788,2446.167185,0
0.242018,0.161276,1.920421,43.67546,5459.12217,0
0.330874,0.269827,2.180453,47.104375,4993.648327,0
0.636785,0.920528,2.512786,64.002961,3099.997652,1
0.52669,0.999127,2.472197,65.120955,4109.546134,0
0.746921,0.689745,3.453104,62.561557,7947.610533,0
0.27296,0.892383,2.570023,61.347943,6427.648327,1
0.367786,0.364137,1.299961,45.82993,352.855726,0
0.481304,0.888198,2.265765,62.017183,3155.840896,0
0.005053,0.20551,1.704461,34.511001,2954.22233,0
0.778043,0.754631,3.294111,63.046314,5640.356006,0
0.094985,0.995063,1.215973,58.112734,1054.787247,0
0.214022,0.626893,3.003593,55.781183,6361.76702,1
0.92555,0.969116,2.16593,63.143303,793.536161,0
0.4814,0.76142,2.316812,56.103101,1496.243177,1
0.475689,0.514643,1.5133,50.548313,1234.887612,1
0.508708,0.751187,3.800147,64.085979,7933.479449,1
0.729559,0.116608,1.626484,45.731451,2127.303382,0
0.167425,0.776759,2.671706,57.363539,4828.456914,0
0.053256,0.756916,1.575037,54.083945,5197.675059,0
0.640464,0.147749,3.429895,50.088609,8027.530781,0
0.306396,0.675438,1.593183,53.241092,3156.938865,0
0.062287,0.375333,1.125793,41.329747,1499.147638,0
0.198923,0.617773,1.799657,49.998691,3539.086311,0
0.338533,0.905567,3.373369,65.363374,7633.198273,1
0.041421,0.278077,3.539636,45.236384,8997.662805,0
0.320787,0.233,2.564871,47.096393,4355.413383,0
0.350351,0.128976,3.27305,47.260149,8181.76849,0
0.080937,0.889193,2.051672,56.2396,3437.060834,0
0.743451,0.110584,0.782515,44.904408,137.751085,0
0.722379,0.876678,3.575615,69.351671,8625.877644,1
0.367521,0.947541,3.005883,64.262454,6738.304872,1
0.861079,0.651245,2.958074,63.431641,4413.455549,1
0.001178,0.672935,1.097891,45.014168,2041.840671,0
0.488208,0.895491,3.509214,63.267859,8375.848112,1
0.90182,0.482562,1.962954,57.072234,1431.808668,0
0.032857,0.317045,1.513773,43.331173,1959.380768,0
0.218701,0.537415,1.463687,50.103414,1701.290104,0
0.496551,0.947342,3.053537,64.990762,7388.537981,1
0.14364,0.33465,2.125431,47.452224,3159.793873,0
0.624385,0.579476,3.040552,57.097177,5547.129218,0
0.04677,0.675059,2.275082,50.816929,4600.965087,0
0.669306,0.40895,2.437572,55.679609,5585.996948,0
0.182876,0.129104,2.508127,45.061565,7439.797861,0
0.107709,0.751084,2.603018,53.718791,5471.069868,0
0.535236,0.218337,2.679048,48.603417,6552.826613,1
0.665841,0.829762,1.72432,61.597183,1291.472342,0
0.796037,0.613832,1.857766,55.895584,1535.314746,0
0.057217,0.266476,2.70832,43.606248,7834.723036,0
0.683722,0.946998,2.2591,63.921238,398.324403,1
0.674654,0.313312,1.749407,48.667911,1431.055409,0
0.877787,0.713806,2.182617,60.767429,1868.938661,0
0.869772,0.17693,3.093554,56.121817,6869.427685,0
0.778393,0.524374,2.379304,58.022505,3493.133398,0
0.637633,0.178483,1.661018,45.704625,3424.389921,0
0.454646,0.868996,2.058171,58.478333,3065.481338,0
0.28792,0.722418,2.261329,52.829637,3289.718008,0
0.84943,0.264093,3.443454,57.392144,8421.481088,1
0.510846,0.340946,2.715747,48.371535,6168.554812,1
0.3001,0.100158,1.917346,40.911839,2009.972826,0
0.217839,0.109739,0.608294,35.140674,29.17173,0
0.828712,0.611035,3.29331,64.07301,5117.886367,1
0.846187,0.813039,3.164312,66.830813,3339.855857,1
0.461042,0.124598,1.782066,39.559433,2017.861159,0
0.593969,0.400856,2.428435,52.151109,4332.76981,0
0.910272,0.10028,3.249729,53.667229,8742.206168,1
0.495736,0.862986,3.979457,66.706782,8760.90436,1
0.384521,0.245996,1.298136,41.412571,1777.354515,0
0.391563,0.862748,1.664797,56.603941,1744.323631,0
0.399672,0.209364,1.574828,46.018555,3184.285265,0
0.286899,0.171092,3.055963,44.685437,8081.609307,0
0.655806,0.463923,2.86954,56.521352,6781.364716,0
0.741128,0.984215,1.87868,62.718366,1048.289831,0
0.8345,0.759507,3.031295,64.440345,4157.345189,0
0.534632,0.488574,3.323203,56.848411,8865.036688,0
0.659471,0.329219,2.580076,53.141276,6424.171424,0
0.674207,0.476081,2.923124,54.160744,6941.320014,1
0.100756,0.218809,2.027414,41.44674,4829.297065,0
0.768482,0.312354,2.519724,58.335851,6280.911044,0
0.852256,0.771901,3.374097,66.393643,4399.810155,1
0.169484,0.503021,2.974432,53.972418,8865.003894,1
0.707941,0.372293,1.294288,50.168494,850.055867,1
0.074889,0.171816,2.510905,42.630607,6404.726745,0
0.120202,0.244878,2.980647,42.635415,8189.130216,0
0.685289,0.18226,0.640187,43.47725,594.245789,0
0.426401,0.990657,1.881594,61.455932,1693.881625,0
0.158941,0.303492,3.129827,50.702271,8664.64727,1
0.192156,0.722561,1.247091,47.460583,114.366684,0
0.469065,0.817994,3.716001,65.064514,8558.707268,1
0.792379,0.68335,1.960221,61.403795,2884.906464,0
0.113539,0.791546,1.762024,54.193682,1744.923604,0
0.80997,0.187885,3.39922,55.114537,8094.297498,0
0.671518,0.568809,3.340032,60.893992,8159.269847,1
0.416459,0.102014,1.648763,41.576333,3227.664416,0
0.590863,0.433741,1.931865,52.833336,1468.926187,0
0.595899,0.706511,2.124569,58.049389,3453.74675,1
0.457181,0.44716,1.381753,46.712943,698.782682,1
0.330185,0.087826,1.059182,39.078785,170.759742,0
0.439399,0.781402,3.357761,63.542098,8597.27045,0
0.415623,0.54901,2.068021,50.913159,2093.068871,0
0.40915,0.527306,1.281625,46.80217,661.972279,0
0.287491,0.237598,3.146818,48.646393,8833.159995,0
0.392776,0.632404,1.403484,49.684248,1269.878096,0
0.328059,0.731968,2.173758,56.725125,4271.640232,0
0.537157,0.61449,3.301733,62.489029,7548.481213,1
0.134437,0.814494,1.463255,54.622148,1253.440686,0
0.895476,0.727871,1.690949,58.898043,849.791485,0
0.764004,0.186161,0.913932,45.625357,94.956969,1
0.781791,0.765112,3.389124,66.931614,7742.511069,1
0.212707,0.82277,1.243728,52.08649,1987.88934,0
0.102172,0.650037,2.309456,53.900574,6156.517712,0
0.500003,0.921254,1.41576,59.520004,438.778897,1
0.529595,0.546388,3.611398,57.657388,8526.463208,1
0.189038,0.91821,2.384133,62.036178,6613.232462,1
0.676524,0.279831,2.668941,54.834902,7110.492363,0
0.899857,0.941045,3.486471,72.643496,7096.708935,1
0.459547,0.878954,3.860045,65.822496,8822.381491,1
0.272595,0.316113,2.026723,46.872388,2904.143116,0
0.631048,0.674582,3.395682,61.006809,7859.709422,1
0.271547,0.482224,2.120024,49.68048,5598.569939,0
0.591126,0.910685,3.860555,67.189826,7981.757261,1
0.074487,0.738536,2.653609,55.008585,6011.795223,1
0.007295,0.889281,2.732441,55.968075,6013.612807,0
0.596045,0.164969,3.104442,49.654115,8318.324582,0
0.532516,0.600182,1.833085,53.725832,2246.306037,0
0.73746,0.429008,1.749167,53.737665,1310.661323,0
0.462732,0.516762,3.289349,58.413684,7077.251863,0
0.502059,0.750939,2.358487,56.863653,3937.670872,0
0.173997,0.32231,1.3928,41.654203,390.93527,0
0.562188,0.725351,3.633449,63.725502,6780.867224,1
0.663238,0.990781,3.845329,69.477294,7968.051306,1
0.396723,0.634094,2.715387,57.806531,7040.92496,1
0.296151,0.759055,1.999155,54.372568,3584.119665,0
0.898639,0.435572,2.226302,56.174584,894.895576,0
0.862749,0.803438,3.452789,66.061066,7209.506518,1
0.248917,0.931696,1.476758,54.419151,658.33665,0
0.134858,0.162117,2.519191,41.929392,4990.430606,0
0.179203,0.391486,1.288828,46.660949,1627.915675,0
0.10953,0.723314,3.16958,58.003903,8758.149548,1
0.772641,0.18098,1.859242,49.134354,4390.577138,0
0.387339,0.608461,1.674734,51.45753,2035.060058,0
0.850399,0.13992,1.081603,47.851607,34.929055,0
0.870491,0.363949,2.463249,57.848634,4752.79063,0
0.305042,0.094299,2.882993,43.480415,7000.539234,0
0.426329,0.597728,2.956022,57.261749,8116.306563,1
0.051501,0.635669,2.917255,51.875923,4951.522896,0
0.253924,0.994662,2.873538,62.764693,4991.919213,0
0.925918,0.139545,1.369399,49.034008,1542.465801,0
0.37316,0.214159,1.466127,42.371415,1523.872427,0
0.863879,0.645829,3.346161,66.426874,8041.482286,1
0.711022,0.696535,2.060866,59.470972,1694.129861,0
0.206436,0.137194,1.957873,42.170347,3669.79523,0
0.375367,0.659911,2.443137,55.299162,3764.414636,0
0.350683,0.608331,2.133973,55.637222,5075.13949,0
0.446509,0.952607,4.10928,68.239455,8074.263822,0
0.897811,0.876215,3.893555,68.302697,5793.724655,1
0.459011,0.233286,2.905705,50.362895,7300.22621,1
0.123829,0.48978,2.910747,50.598393,6551.208361,0
0.664051,0.310624,2.563296,51.648337,3491.90835,0
0.167924,0.993894,3.276193,61.2971,5630.095534,1
0.721176,0.710693,2.103911,59.496238,2214.821572,1
0.023443,0.609361,2.125144,52.558222,6876.042759,0
0.03812,0.375701,2.02399,42.757693,4443.853592,0
0.834214,0.611407,2.131295,59.289695,4300.017463,0
0.453265,0.642886,2.152735,52.949802,3509.934755,0
0.840564,0.967743,3.680091,71.988106,5599.274906,1
0.577744,0.629484,1.310056,53.995468,162.072774,1
0.327815,0.785208,2.901123,59.579398,7119.124326,0
0.493718,0.149066,2.343268,46.982531,5632.519323,0
0.536004,0.085524,1.767127,44.893366,3537.720479,0
0.245277,0.847087,3.320595,63.518834,8868.534495,0
0.602121,0.231083,2.792219,49.897241,7551.395566,1
0.012412,0.550879,1.531576,47.178701,1327.139169,0
0.910739,0.385497,1.890188,56.262972,2263.766032,0
0.748963,0.822039,2.68056,61.946924,3557.395459,0
0.320841,0.619017,3.332625,53.937398,7755.89933,1
0.873312,0.203219,2.415435,54.153344,4136.936151,0
0.92107,0.913394,3.757225,71.150013,5066.550061,1
0.617167,0.726007,2.447248,60.210803,3672.605778,0
0.48422,0.689354,3.464735,59.261281,7926.161224,1
0.784513,0.850251,4.079969,69.291029,8003.517202,1
0.317086,0.630395,2.102202,55.09569,4946.718953,0
0.527726,0.179583,1.878717,46.282084,3342.069645,0
0.930783,0.506354,2.691978,57.579073,5774.125232,0
0.731638,0.964009,2.261689,64.644255,2893.164269,0
0.138483,0.536297,2.94346,51.520831,5465.336308,1
0.378951,0.520945,2.929484,54.741354,6683.109697,1
0.462767,0.540233,3.634268,58.687907,7744.674124,1
0.701552,0.474241,1.499816,53.165033,749.325196,0
0.911668,0.252094,2.38372,54.939688,2907.298153,1
0.730044,0.458509,3.786758,60.909256,8186.083528,1
0.452496,0.098179,1.821883,42.461103,2149.982488,0
0.052418,0.956422,1.263997,55.152775,1290.700733,0
0.637706,0.423606,2.630153,54.064634,3980.520979,0
0.027888,0.739915,1.047722,48.613139,1039.268288,0
0.678831,0.992189,2.575861,63.842685,2591.372853,0
0.94283,0.315618,3.371374,55.547225,6232.816152,1
0.06881,0.778604,1.5498,50.312397,2059.872634,0
0.250051,0.311299,2.945652,51.194142,8304.035832,0
0.446738,0.71075,2.255487,52.778503,2410.842127,0
0.054255,0.865742,1.346523,53.848942,560.27302,0
0.522483,0.94246,3.398053,66.311293,7563.93896,1
0.026369,0.438211,1.493097,43.303038,2734.974014,0
0.929193,0.604657,3.371625,66.771787,8225.851924,1
0.219038,0.479817,1.972374,47.041146,2730.143321,0
0.210605,0.097443,2.479187,40.214624,3977.735923,0
0.304789,0.673933,1.775952,49.748215,1466.741398,0
0.126191,0.622566,2.61337,53.372981,5778.659653,0
0.648607,0.857657,2.819892,62.857024,3129.950818,0
0.470627,0.822791,2.722484,60.451094,6445.650712,1
0.787657,0.171375,1.38689,50.008594,259.382023,0
0.777167,0.180707,3.182128,55.354974,7064.909089,0
0.134519,0.768778,2.175022,53.031297,5063.695584,0
0.57118,0.749161,2.911772,61.583219,5281.036366,1
0.029224,0.121809,0.924882,33.802171,380.505654,0
0.339515,0.988893,2.626809,62.49348,6156.520576,1
0.788845,0.695017,3.340958,64.75889,5808.866174,1
0.911296,0.77245,3.325245,68.072699,5951.386669,1
0.678072,0.145141,3.473392,51.455382,8174.892444,1
0.625632,0.348252,3.112908,54.375779,7555.17192,1
0.187509,0.307,2.895237,45.980035,5869.868905,0
0.269498,0.584683,1.122098,45.526007,0.92282,0
0.286341,0.869203,1.921778,56.857497,1739.767544,0
0.71373,0.6048,1.993831,56.036861,1744.759271,0
0.133675,0.334448,1.80245,45.26208,4528.720809,0
0.132158,0.355655,3.531469,49.160554,8480.735649,0
0.345164,0.692257,2.171558,53.456321,3044.211653,0
0.265428,0.658551,1.951553,51.937214,895.061619,0
0.810688,0.59419,2.9504,60.124061,4169.327595,0
0.124823,0.525562,2.177799,50.950227,7558.487432,0
0.772854,0.461888,3.562273,63.098379,8368.830128,0
0.297831,0.370992,2.54684,50.295355,6327.052489,0
0.904271,0.302821,2.220483,54.620192,3193.663159,0
0.782631,0.391703,1.326269,51.300099,558.711291,0
0.463409,0.469632,2.245166,50.62193,2878.630487,0
0.131734,0.895614,3.233595,59.591879,8319.877833,0
0.567925,0.570248,2.376942,53.918364,5383.029533,0
0.32858,0.966432,1.707983,57.187133,713.495652,1
0.494176,0.60632,3.124622,60.868351,6836.660443,1
0.152572,0.941883,3.072465,65.60011,6633.235625,1
0.756583,0.562428,2.411344,56.542139,4348.702418,1
0.825711,0.711899,2.85121,61.904352,3787.371279,0
0.206853,0.977106,2.603458,62.19713,6980.724327,1
0.814377,0.694232,3.251881,65.047309,6148.492213,1
0.830787,0.339961,1.786914,51.231292,1700.547873,0
0.549091,0.558472,2.642666,56.230946,4856.353761,1
0.151199,0.567526,1.469247,48.289085,2339.258454,0
0.332241,0.624286,2.265239,55.1002,5285.40121,0
0.422057,0.179137,1.401565,42.083464,1096.712258,0
0.04613,0.38728,1.779671,44.775021,2079.285315,0
0.7127,0.165713,2.038658,48.124863,5085.015831,0
0.241227,0.805932,1.604063,51.165064,1108.141875,0
0.516297,0.592533,3.220859,57.00595,7139.313374,1
0.118566,0.645669,2.743507,51.842016,6214.307119,0
0.012134,0.548057,2.221659,49.084062,5677.809347,0
0.721961,0.50186,2.251639,56.844529,4384.555179,0
0.741944,0.496607,3.047759,60.048101,6046.533565,1
0.071162,0.123669,1.93494,38.470739,2851.776065,0
0.421875,0.952353,2.799699,61.493149,5711.273783,0
0.088226,0.496181,1.5895,44.794773,1717.223407,0
0.721822,0.081632,2.588582,50.591586,7551.90491,1
0.299572,0.715481,2.858928,56.63331,7105.983961,0
0.637007,0.674198,2.233901,57.954101,4164.04239,0
0.550465,0.602798,1.830632,53.330733,2290.562512,0
0.921325,0.835324,4.409138,69.928841,7942.317212,1
0.537435,0.90201,3.987403,68.755253,7974.281689,1
0.392063,0.816727,1.508041,53.568212,618.188105,0
0.912802,0.248483,2.776702,56.503431,4578.954297,0
0.556983,0.944611,2.58264,63.286723,4285.252793,0
0.902824,0.488165,1.959428,55.034806,1389.906815,1
0.149466,0.931151,3.527663,60.501823,8377.174095,0
0.084867,0.515624,1.61655,44.329348,956.858767,0
0.78066,0.757355,2.790761,62.911415,3180.662438,1
0.514371,0.210401,2.130864,49.198806,4478.038787,0
0.285132,0.399374,2.069056,48.605282,3061.041539,0
0.335086,0.382147,1.664302,47.2663,2179.674651,0
0.125369,0.623454,1.947948,51.006439,4902.349391,0
0.277284,0.096762,0.953015,37.992466,283.198317,0
0.232076,0.518419,2.074051,50.215072,4304.103043,0
0.567318,0.196028,2.919129,50.939571,6119.209304,0
0.448398,0.944236,3.498041,66.0,7815.272092,1
0.276894,0.875336,1.083975,55.321469,1052.103152,0
0.889222,0.503794,2.705433,61.810102,6468.469465,0
0.609133,0.73386,2.453036,62.056385,5908.864404,0
0.307106,0.137584,2.83999,42.465213,7812.606084,0
0.201379,0.518755,3.572684,54.61567,8599.48029,0
0.56436,0.313801,2.949385,51.064993,6974.832186,0
0.020931,0.841634,0.725756,53.703672,406.177601,0
0.181244,0.703509,2.052803,53.343727,6140.553196,0
0.75366,0.979161,3.56546,71.283662,7644.640062,1
0.15013,0.268317,1.913164,43.891196,3681.970897,0
0.904518,0.169474,1.752118,51.575954,2721.017745,0
0.097183,0.846176,2.608761,58.068261,7898.829828,1
0.645951,0.221317,2.299992,45.811478,3338.592346,0
0.796584,0.352821,1.568825,51.96236,670.613339,0
0.863462,0.93698,2.251779,63.667848,1055.253334,0
0.659521,0.929855,3.111241,64.75484,5574.467496,1
0.210842,0.886701,1.53268,53.562151,1762.414159,0
0.023184,0.689289,1.420518,49.434568,2217.571157,0
0.027145,0.395557,1.292099,40.49242,2162.402526,0
0.920528,0.998371,3.208829,69.765911,3996.184132,1
0.861186,0.484736,2.958936,59.014559,4837.16468,1
0.448106,0.376725,2.820174,52.494865,6466.375471,0
0.261079,0.151753,0.863497,37.727084,568.748308,0
0.591548,0.522606,2.351032,53.629811,3445.302611,0
0.525834,0.123802,2.03837,46.635678,1447.753024,0
0.11702,0.959182,2.28876,59.172753,6285.037513,1
0.603958,0.356709,1.924393,48.904535,3619.444272,0
0.384097,0.094176,2.191012,43.004758,5742.698023,0
0.469026,0.856404,3.738035,64.632084,8758.137207,1
0.275829,0.832162,3.831784,61.554296,8599.024615,1
0.751943,0.377442,2.34225,54.66733,2773.966883,0
0.917359,0.239073,1.650018,49.772969,1662.551417,0
0.276897,0.202672,2.313094,44.268922,5780.674814,0
0.46449,0.912955,3.307172,62.992013,5329.267323,1
0.396889,0.987792,3.172905,63.770187,7364.209182,1
0.519624,0.249132,1.410718,42.723113,706.604431,0
0.196546,0.269577,2.692318,45.476429,6131.571287,0
0.308378,0.851441,3.133538,62.182177,7104.657087,0
0.048681,0.215833,1.685414,37.120289,3715.987972,0
0.773934,0.465567,1.676436,53.939302,207.411757,0
0.229762,0.485651,1.765835,50.327128,3569.948234,0
0.578891,0.745492,2.708707,60.077359,4301.508095,0
0.237459,0.188377,2.070823,43.34506,5685.024411,0
0.038045,0.867734,2.00988,56.824063,5158.208452,1
0.793579,0.94837,3.834531,71.52183,6951.712631,1
0.877861,0.984453,2.57341,65.98925,3599.551169,1
0.89488,0.906974,2.80428,64.166394,3951.329209,1
0.045872,0.307469,2.6985,45.37967,7571.748864,0
0.351707,0.574297,1.707052,49.351147,1390.00235,0
0.475227,0.869142,3.752608,66.514072,8343.00112,1
0.574686,0.091666,1.80066,44.363781,2771.714411,0
0.585633,0.177647,3.290096,54.011635,8396.892769,0
0.433774,0.466915,2.642043,54.653171,8115.790008,1
0.40948,0.381642,3.396407,54.301757,8330.077106,1
0.349569,0.721862,2.063363,57.512768,4496.278581,1
0.149296,0.855952,2.662447,56.93671,4766.019061,0
0.891797,0.10248,2.06556,49.353311,4249.307178,1
0.160007,0.651015,2.886455,52.911273,5935.266719,1
0.61132,0.409438,2.231231,52.76156,4026.96111,1
0.930144,0.526865,2.558898,58.571545,2769.978098,1
0.293747,0.677013,2.45185,55.708761,5599.359941,0
0.902037,0.276326,3.474045,60.106264,8762.608031,1
0.913649,0.580078,2.850432,62.493075,6140.897548,1
0.175279,0.534537,1.258496,46.700846,1662.396786,0
0.413596,0.248565,1.309478,44.296525,423.384707,0
0.064634,0.179177,1.305013,36.934276,1839.444815,0
0.691327,0.27197,1.28347,48.660286,1365.817383,0
0.707363,0.083751,2.807822,50.662702,8218.220782,0
0.873231,0.669325,1.540306,55.653674,46.037691,0
0.136331,0.81892,2.543054,55.504281,6493.031233,1
0.336689,0.691691,1.94824,54.254962,1702.552767,0
0.944147,0.41488,3.28494,58.679566,7235.924029,1
0.186387,0.161781,1.284267,40.12455,2117.673449,0
0.912585,0.364604,3.844542,59.538101,6384.078274,0
0.749833,0.374057,3.11225,57.128797,5084.840297,0
0.462546,0.485958,3.353223,55.9239,6832.393246,1
0.595422,0.184898,0.819395,43.163717,115.315031,0
0.384864,0.223931,1.63943,42.127088,1428.714027,0
0.046047,0.225783,2.821909,41.017515,6440.83147,0
0.300973,0.511962,1.642671,51.011004,3792.257828,0
0.392734,0.392335,1.842436,46.199332,1621.586438,0
0.891977,0.541474,1.771319,55.563959,903.422355,1
0.255775,0.631578,2.313126,51.841278,4042.270527,0
0.330052,0.912957,2.005276,57.909317,855.478551,0
0.282897,0.605637,1.971582,50.42812,1545.762403,0
0.120751,0.79201,3.425647,58.620066,7579.544,0
0.208168,0.231667,1.140698,41.077516,2765.061988,0
0.794443,0.808945,2.700716,64.803307,3844.025503,0
0.853239,0.517084,3.112947,59.146835,5587.721567,1
0.208375,0.120074,3.081186,44.497675,8699.503826,0
0.5759,0.534288,1.309937,52.514301,1720.748734,0
0.017658,0.545814,0.924069,43.339686,1082.633126,0
0.638283,0.775986,3.160005,64.42886,7307.593019,1
0.268184,0.471887,3.039228,53.025586,7899.086098,1
0.437487,0.931545,2.084167,58.043434,1797.756751,0
0.335888,0.607355,2.26399,54.521725,4398.256475,0
0.459397,0.932244,2.407588,62.493125,2642.815273,1
0.122914,0.65715,2.397711,50.073434,4046.226575,0
0.367318,0.704632,3.504757,59.587473,7135.163497,1
0.908668,0.585453,1.686574,59.531805,1053.604467,0
0.356596,0.704403,3.491087,60.203481,8314.514189,0
0.9249,0.808819,3.97237,69.403099,6618.634497,1
0.437196,0.237144,3.067855,51.492946,6419.550585,0
0.913198,0.085421,2.059675,48.50259,3621.75447,0
0.505185,0.33838,2.192007,49.743253,6109.643355,0
0.799644,0.21124,2.019215,51.59447,3194.253634,1
0.855967,0.570313,2.302745,59.274064,2789.669236,1
0.59222,0.852952,4.165467,68.850917,8769.050251,1
0.483016,0.715625,2.701626,58.076714,6380.219038,0
0.732982,0.850154,3.792948,68.094865,6437.381049,1
0.147317,0.493611,2.294971,47.217813,4147.768385,0
0.938988,0.715948,3.164371,67.981917,4870.698281,1
0.419923,0.242815,1.913293,46.173911,4299.89536,0
0.287654,0.344377,1.927832,45.782674,2878.863537,0
0.853674,0.711892,2.132081,59.376978,536.222379,0
0.06607,0.308705,2.034736,43.005357,3633.537275,0
0.887081,0.091689,2.888447,52.498141,8518.495801,1
0.29861,0.547413,1.733546,48.089899,3562.758886,0
0.845151,0.096268,0.817742,44.760692,1097.371594,0
0.300764,0.899041,1.702428,57.916036,2407.306219,0
0.244794,0.961247,1.364188,55.255243,620.187387,0
0.922115,0.53526,1.683135,56.864002,1139.09035,0
0.409159,0.779024,2.316248,57.518683,2403.026667,1
0.734979,0.191207,1.543535,48.89022,1671.435385,0
0.426169,0.797005,2.159822,56.044768,3151.52987,0
0.169891,0.212994,1.686678,43.51588,3647.259584,0
0.077963,0.821541,2.619037,52.355091,7048.833385,0
0.075861,0.741618,1.315991,49.084479,616.248313,0
0.679664,0.694652,2.752273,57.816985,4131.368898,1
0.573794,0.39772,2.706414,53.371134,4693.484766,1
0.903675,0.332623,3.815873,60.276628,8347.084019,1
0.025963,0.849854,1.814958,53.375404,4517.197408,0
0.631068,0.863182,2.689917,63.150214,6177.107234,1
0.102268,0.596122,2.487918,51.164575,5233.311971,1
0.522503,0.850022,3.551316,63.079058,8278.805806,1
0.915692,0.275814,2.339601,51.788088,3188.980479,0
0.812706,0.530051,1.486742,52.896249,1615.136297,0
0.906399,0.746664,3.588464,66.681084,6578.618406,1
0.643394,0.917251,2.735839,63.52463,2616.618448,1
0.513495,0.982905,1.334386,57.311171,301.612111,1
0.454034,0.100318,1.391672,40.296806,2526.5802,0
0.570902,0.993687,2.391864,62.792099,51.286653,0
0.295909,0.996305,1.971095,60.351888,2678.549913,1
0.870588,0.234739,2.310818,54.021513,4842.371792,0
0.90589,0.433459,3.300385,63.137729,7975.458868,1
0.09668,0.432402,3.60239,49.982233,8252.714743,0
0.634413,0.673692,2.525807,57.521464,3725.972884,0
0.042957,0.450175,2.126037,44.900715,4274.761689,0
0.249838,0.449897,3.006496,52.888555,6450.776342,0
0.847324,0.684492,3.742883,65.814684,7485.6055,1
0.072812,0.793311,1.884359,53.043967,3291.144325,1
0.819542,0.947112,2.067357,62.862717,859.181853,0
0.735618,0.353213,2.700734,52.458592,4890.287082,1
0.927224,0.986847,3.500653,73.645396,7037.903268,1
0.832885,0.853462,3.638754,67.441595,4893.339395,1
0.236123,0.655057,1.528807,49.868109,705.681061,0
0.596324,0.171909,2.123474,46.322746,2427.35233,0
0.876464,0.899562,3.197915,67.588667,5604.943075,1
0.551187,0.748879,1.625839,55.717519,655.470908,0
0.377067,0.34297,1.858993,46.616098,2228.835694,0
0.714851,0.945417,3.471055,68.345934,4834.843052,1
0.759614,0.111866,1.629406,47.239637,3175.316162,0
0.873184,0.910083,2.120136,66.936588,1645.400909,0
0.422231,0.350261,1.954135,49.464575,2363.202451,0
0.464204,0.314918,1.984417,47.837784,3517.449273,0
0.090084,0.481132,1.345194,46.353379,1686.722498,0
0.948208,0.830948,3.53388,67.823828,5464.290765,0
0.321855,0.827177,3.308366,63.474417,7896.901414,0
0.164527,0.72092,3.010769,56.47936,7218.093153,0
0.07839,0.933414,1.260769,53.190124,1538.224463,0
0.196373,0.656725,3.453201,57.680368,8021.049478,0
0.228337,0.639126,1.327135,49.667588,2094.784695,0
0.271399,0.712431,2.779452,55.209301,6077.51614,0
0.801798,0.299346,1.823665,51.413732,3575.508999,1
0.500491,0.666998,2.479431,60.473686,5546.804538,0
0.658681,0.140408,2.971333,47.324486,6244.006531,0
0.715304,0.938552,1.384833,63.364962,54.907231,0
0.28485,0.843351,2.462272,59.46019,4371.452053,1
0.916853,0.20531,3.426708,56.832641,8975.652052,1
0.517697,0.354828,3.435667,54.693075,7635.971671,0
0.652843,0.853784,3.1925,64.984018,4035.125456,1
0.749852,0.291134,2.218146,51.441423,2999.821208,0
0.39428,0.51912,2.228823,51.591715,5671.810356,0
0.725698,0.869481,2.363788,61.805899,2832.807979,1
0.503025,0.51215,3.520193,60.481568,7901.539358,1
0.531372,0.108859,0.961029,39.894596,543.081659,0
0.534186,0.156769,1.499322,43.492836,332.372387,0
0.704299,0.994959,2.156993,62.350001,239.934649,0
0.28271,0.25876,2.052838,44.607783,3692.747334,0
0.315305,0.210671,1.954175,42.840463,2862.660581,0
0.674958,0.480464,2.626778,58.127562,6420.413123,1
0.404443,0.726597,0.847565,53.174095,1096.056432,0
0.699574,0.307097,2.232335,52.83524,4596.938576,0
0.822766,0.377256,3.478248,55.596661,6325.878748,1
0.716791,0.780712,2.125951,63.138844,2106.348518,0
0.018109,0.470317,1.507058,41.817645,2125.165048,0
0.849707,0.71476,4.112001,66.647067,8060.969306,1
0.280831,0.746971,2.798968,58.103811,5872.567178,0
0.263203,0.705444,2.702116,59.023703,7090.136579,1
0.206903,0.746672,2.146867,51.505783,3100.648171,0
0.211514,0.963847,1.215854,54.783418,773.455006,0
0.249265,0.628591,3.370434,56.87023,8650.098765,0
0.482297,0.091541,2.080465,43.815313,2734.695321,0
0.156004,0.418086,1.997354,44.339593,3644.488336,0
0.581752,0.84042,3.422621,66.944449,8053.945341,1
0.275195,0.898907,2.161286,60.119769,5562.221463,0
0.431193,0.364528,0.915099,46.471212,54.684406,0
0.254621,0.121336,1.333962,36.419225,758.550175,0
0.598772,0.493467,1.409125,51.875788,1447.91062,0
0.849972,0.669204,4.048694,65.698033,8497.94697,1
0.701124,0.685251,1.846451,55.950356,593.328571,0
0.65744,0.386037,2.719638,52.780519,4556.354981,0
0.438276,0.125186,1.94193,42.358603,2017.483318,0
0.389737,0.404429,1.731722,48.762615,5328.062597,0
0.217556,0.358056,2.039256,44.99329,3828.780952,0
0.457874,0.177202,1.392119,45.288865,2085.869809,0
0.945029,0.591099,1.656496,56.613945,1292.862704,0
0.537044,0.398995,2.679378,53.986734,5964.873959,0
0.415228,0.170072,1.054186,40.814307,1462.046809,0
0.860186,0.707729,3.370511,64.227016,5307.322931,1
0.913292,0.14217,1.576484,49.777827,1100.136935,0
0.547669,0.701049,1.939111,56.899104,502.729018,0
0.914382,0.422527,1.47431,55.305982,638.445971,0
0.833629,0.685101,2.884933,63.918884,6086.330619,0
0.607178,0.995913,2.299291,65.990133,2983.613165,0
0.307021,0.103347,3.324624,47.605044,8646.738694,0
0.704191,0.461172,2.710114,57.572422,5388.706361,0
0.442856,0.442576,3.438592,53.332477,7629.30708,1
0.823709,0.354575,3.263789,59.459384,8341.584387,1
0.647862,0.31412,1.823801,50.986307,3029.07911,0
0.602031,0.172082,3.496671,52.541843,8902.298284,0
0.100285,0.287095,1.687227,42.722905,2298.207774,0
0.752247,0.299595,1.646665,47.795626,2641.092252,0
0.857997,0.77017,2.158933,63.384958,1435.933554,1
0.743278,0.769501,1.866011,57.402866,690.906069,0
0.035724,0.175256,2.669581,40.920145,6981.178247,0
0.720267,0.864265,1.911745,60.301907,181.641749,0
0.197661,0.925688,2.272234,60.153965,4719.480245,0
0.883897,0.91169,3.265515,68.837075,4701.270289,1
0.328686,0.370118,1.586392,43.951836,1299.566054,0
0.453993,0.256427,1.747175,46.424863,2766.911934,0
0.548645,0.523103,2.692683,56.922944,6826.626398,0
0.810827,0.476259,2.88641,57.811315,6455.809609,1
0.774418,0.581207,3.03614,61.433794,5250.643472,0
0.22548,0.455709,2.36753,49.823261,6752.610349,0
0.248658,0.127329,2.891094,46.377817,8555.261974,1
0.583213,0.433033,2.107112,52.848211,4004.996035,1
0.364969,0.631055,2.849652,56.387586,5828.115972,0
0.427586,0.268884,2.531671,49.06913,4377.847687,0
0.294537,0.26163,1.832919,45.81706,4355.489052,0
0.330371,0.743742,3.163519,60.463657,6161.675986,1
0.690413,0.858769,2.282963,60.593121,2442.502804,0
0.330757,0.945352,3.344406,61.92285,6925.325011,1
0.742009,0.998712,2.299317,66.071404,465.16817,1
0.786188,0.282434,2.521773,56.921352,5974.865451,1
0.486159,0.570474,3.438047,57.069596,7859.590212,0
0.391504,0.09828,0.445442,38.862468,777.201423,0
0.824386,0.440655,3.592286,61.76699,8276.575925,1
0.486644,0.156223,1.786672,43.390361,1152.73488,0
0.325994,0.169303,1.21808,42.758076,830.658613,0
0.483039,0.683706,2.662184,60.299775,4013.304107,1
0.892877,0.895792,3.789506,70.057836,6574.028164,1
0.66454,0.932046,4.025926,68.065378,6790.138979,1
0.113759,0.752214,1.084476,47.647752,508.608795,1
0.509931,0.203215,2.159882,46.641636,3485.005041,0
0.926497,0.887448,2.978458,68.89464,5339.21245,1
0.753667,0.495287,2.699791,56.739827,3464.197066,0
0.699141,0.621205,2.623882,58.988622,3834.25175,0
0.438128,0.303674,1.591995,47.331303,1900.330841,0
0.349565,0.37161,1.77188,48.195447,1954.973621,0
0.548981,0.949564,3.312245,64.542122,5811.693397,1
0.081527,0.910662,2.709481,59.59066,6776.249477,1
0.575846,0.451521,2.19672,52.514047,5625.362759,0
0.239486,0.33382,1.93242,45.617553,4857.880527,0
0.485165,0.176763,2.714517,49.403963,7799.25857,0
0.798551,0.570913,3.579352,61.626993,7496.308049,0
0.553503,0.354569,3.082188,54.62775,8878.506996,1
0.501117,0.866477,2.111438,56.66954,833.576099,0
0.34952,0.73095,2.085749,54.517758,3791.831283,0
0.929404,0.839107,4.321958,71.4051,8862.581302,1
0.260934,0.106647,1.913222,40.082228,2792.233392,0
0.475946,0.276719,2.246906,47.629896,3290.697376,0
0.847746,0.372511,3.47807,61.080436,8841.407216,0
0.376426,0.567176,2.557626,55.289591,4369.628756,0
0.2985,0.488646,0.610884,48.049264,219.174518,0
0.373117,0.6663,1.176046,52.43771,1754.908379,0
0.555206,0.69718,3.486188,61.741929,7172.790565,1
0.176367,0.671252,3.192397,54.420634,7397.893378,0
0.613279,0.789556,4.136297,65.089308,8776.007367,1
0.77541,0.290384,1.656126,49.979613,3515.283819,0
0.331244,0.43803,1.443482,46.389405,1459.455915,0
0.488541,0.645972,3.019183,61.473978,8546.286286,0
0.262707,0.096123,1.521744,37.739109,3369.005831,0
0.407396,0.856352,3.616585,62.343394,6117.854514,0
0.755282,0.202453,2.792183,55.83784,8470.468537,1
0.258185,0.532695,1.778013,48.08034,1946.294213,0
0.211613,0.243643,3.084017,46.542755,8291.816777,0
0.702402,0.599017,3.992231,62.813687,8212.64106,1
0.929481,0.82303,2.208158,65.755329,1854.905284,1
0.19344,0.307392,2.754371,45.740849,5931.112476,0
0.453457,0.625824,3.266737,58.945741,7954.206734,0
0.54448,0.498642,2.481494,55.326377,4856.873209,0
0.100353,0.845715,1.153753,51.706881,1010.111465,0
0.816348,0.90638,3.758874,67.628742,6457.653763,1
0.231004,0.293273,2.060973,44.453801,4248.216239,0
0.629034,0.304928,2.321196,52.482187,5693.218259,0
0.831502,0.495114,2.534335,57.165978,2483.382607,0
0.863305,0.838672,4.424904,72.650433,8838.563845,1
0.352651,0.880826,1.685602,56.976829,2410.445832,0
0.269407,0.833663,2.966256,59.377104,7568.999207,0
0.193151,0.637774,2.73711,54.331247,6492.516118,0
0.496647,0.905649,2.063919,63.352801,3186.558341,0
0.756849,0.223064,2.47411,52.744692,5685.045848,0
0.211332,0.938797,2.584821,59.477639,6008.015721,1
0.626276,0.548557,3.192443,58.197799,7139.253025,1
0.728893,0.812766,1.823603,62.462624,2282.403175,0
0.853408,0.63085,3.537554,64.18117,7998.047533,1
0.566368,0.165571,0.927663,43.507977,925.991415,0
0.082481,0.806363,2.717728,58.755725,7826.164137,1
0.92906,0.166661,2.302186,51.353116,5421.101867,0
0.362455,0.45347,3.577878,57.23031,8678.799451,1
0.457405,0.591907,2.025958,53.305821,3577.889073,1
0.35133,0.660823,1.585573,51.395142,1080.809548,0
0.20886,0.956092,2.333371,58.050678,3778.184313,0
0.361516,0.686521,2.344995,55.127448,4898.394472,0
0.948296,0.227547,2.562796,54.295201,4581.688856,1
0.416591,0.988963,3.499319,67.033928,6960.617186,1
0.102016,0.254587,1.874151,40.417261,4565.174826,0
0.083916,0.538936,0.642141,42.10265,884.893619,0
0.393302,0.723862,3.281968,61.322501,6741.328665,0
0.888339,0.439632,3.344923,60.544513,5944.311425,1
0.18459,0.572587,1.907833,47.698244,3608.268549,1
0.849319,0.318518,2.57322,51.728931,3377.099047,0
0.039604,0.445518,0.403798,41.095653,1042.548951,0
0.828214,0.540671,2.362996,56.785403,3344.851638,1
0.284522,0.310576,3.321023,52.323855,8321.058254,0
0.777614,0.499817,3.760919,64.346464,8227.455221,0
0.008181,0.730074,1.476634,48.737636,4129.818213,0
0.301929,0.694305,1.987734,51.447977,1453.989016,0
0.259025,0.589935,1.419391,49.912753,303.051459,0
0.937101,0.91067,2.37537,64.567595,1315.508574,1
0.834451,0.577973,2.114637,59.177942,1800.014378,0
0.828491,0.45306,1.49514,51.262838,159.145458,0
0.827456,0.859721,4.225101,72.42267,7734.028587,1
0.825736,0.206402,2.564361,53.286736,5744.188241,0
0.891451,0.312392,2.71591,56.850754,6222.433505,0
0.889589,0.970901,2.764358,68.673105,4026.438547,1
0.457459,0.312589,1.547379,45.620497,645.508892,0
0.602579,0.543546,2.334906,55.912553,3136.752383,0
0.72449,0.745307,2.247811,59.762415,1618.318444,0
0.576865,0.676223,3.364381,62.678717,7844.712476,0
0.269498,0.868212,1.654229,53.193734,2214.793617,0
0.166167,0.929637,2.582774,58.39299,4515.108858,0
0.008689,0.937428,1.038551,50.557954,270.321023,0
0.821624,0.763743,2.189786,64.5126,2771.150519,0
0.931139,0.613385,2.578909,61.004815,1670.555947,0
0.674017,0.575918,2.898267,59.059135,4587.048202,0
0.799416,0.323701,3.333891,59.062148,7741.279612,0
0.531713,0.855514,2.048111,63.170509,2332.189115,0
0.308265,0.083381,1.969597,41.2938,2753.637952,0
0.690326,0.658638,2.150275,57.516464,1029.412248,1
0.898537,0.366972,2.02376,56.793387,2251.616221,1
0.002349,0.8878,2.112851,54.830672,3684.39371,0
0.625576,0.281311,1.733511,50.625577,1480.015385,0
0.580629,0.737189,3.869143,61.735192,7397.113896,1
0.104145,0.236544,1.935739,41.445046,4391.363521,0
0.576292,0.846306,2.015465,62.302733,1728.926591,0
0.655507,0.295111,0.96122,50.087445,874.761109,0
0.878263,0.674797,4.005632,69.770531,7839.166216,1
0.089428,0.810824,3.09251,56.991387,8409.274607,0
0.663973,0.102264,2.135435,45.823411,3372.893105,0
0.746074,0.324261,2.574876,53.217778,4266.221329,0
0.762397,0.366125,3.620659,57.018906,8338.912858,1
0.060342,0.320622,1.907227,44.846755,4114.479238,0
0.083451,0.886605,1.189455,50.435443,960.239614,0
0.194724,0.329579,1.410287,43.354415,2823.393363,0
0.086697,0.169266,2.799567,43.946407,6123.475572,0
0.643066,0.942607,3.054123,68.622637,6084.849272,0
0.33224,0.856109,3.085623,60.714844,5721.32864,0
0.496593,0.46268,1.927953,49.600761,3548.361828,0
0.263731,0.387289,1.852496,45.055333,2924.750456,0
0.097049,0.748997,1.24406,48.117046,1312.148024,0
0.947965,0.16516,2.279093,53.446539,4714.690859,0
0.656015,0.916786,4.112909,70.674428,8702.931049,1
0.518257,0.740137,3.313416,60.043492,8158.982907,1
0.845241,0.652656,2.397943,61.351845,2581.595441,0
0.737059,0.286688,2.074163,52.584442,2526.908358,0
0.449746,0.699705,2.678475,57.665783,4326.577966,0
0.41545,0.278938,2.388572,49.400825,4968.327467,0
0.039357,0.38572,2.048033,44.764864,3467.892913,0
0.863588,0.908218,2.671001,62.07536,2866.763228,0
0.403184,0.817174,2.743819,60.864626,4990.08129,0
0.371932,0.504562,2.348587,53.618959,5799.521061,0
0.059606,0.58514,3.049495,51.23887,7299.889468,0
0.645915,0.290376,3.343968,54.383333,8213.759463,0
0.02555,0.435274,1.117363,43.145255,2257.01727,0
0.636465,0.643532,3.328955,60.749139,6274.035283,1
0.458792,0.309643,1.492947,47.994378,1170.389993,0
0.608367,0.263475,2.128458,50.004097,4719.46856,0
0.840358,0.743695,1.582818,58.641238,949.504795,0
0.423281,0.702167,3.690924,57.254857,7790.141382,0
0.595742,0.318972,1.77718,49.642972,2167.808746,0
0.596706,0.687992,2.287465,56.443181,2373.075939,1
0.848575,0.987446,3.090953,68.530587,5123.926428,1
0.646517,0.96023,3.68464,68.364695,6192.416061,0
0.387443,0.339008,2.545579,49.432768,7795.601139,0
0.629232,0.938289,3.363397,66.361146,5265.404714,1
0.243306,0.75501,2.572961,57.333326,5877.545507,0
0.87118,0.836125,2.401576,63.843623,2162.892263,1
0.933302,0.476763,2.685666,59.60168,5658.453545,0
0.707866,0.840493,3.081344,61.55971,2919.631623,1
0.909403,0.517816,1.368139,54.088696,980.006805,0
0.146288,0.465591,1.627518,46.866305,2080.522864,0
0.376126,0.473507,2.233328,53.827973,4338.81568,0
0.908099,0.65493,2.532484,63.005945,4546.573846,1
0.607893,0.201844,2.533248,50.057645,5469.719923,0
0.189156,0.109441,3.219638,46.428829,8298.965501,0
0.576309,0.733238,3.459269,62.93953,7800.792778,0
0.517944,0.307824,2.224252,51.722612,3696.295863,0
0.67584,0.472381,3.314783,57.33303,5632.617991,0
0.495015,0.569148,1.333906,50.902605,614.557195,0
0.210352,0.328833,3.089546,47.71266,8765.703187,0
0.249097,0.590924,2.351974,53.179168,5015.60994,0
0.59234,0.666554,2.578515,58.52853,5601.548887,1
0.364987,0.723498,1.792443,54.158047,1945.418228,0
0.92899,0.095981,0.92671,49.944172,1263.270529,0
0.479947,0.874311,2.05334,60.077826,1187.561044,0
0.725325,0.421092,3.764247,56.605091,8488.142094,1
0.263788,0.299625,1.120092,40.123665,1200.278124,0
0.605451,0.483174,3.481545,57.520906,8893.538556,1
0.626588,0.717854,1.2138,58.421738,258.922632,0
0.034569,0.716187,1.510607,49.847872,1199.641718,0
0.828777,0.679696,3.034458,63.568318,6222.67031,1
0.62611,0.183391,2.318169,49.310727,6696.367094,0
0.049668,0.772492,2.179202,52.780648,2398.717688,0
0.857055,0.20978,1.161514,48.547665,812.697226,0
0.683018,0.323661,3.724764,59.412654,8799.96292,0
0.154479,0.363045,3.264551,49.655598,8231.824335,0
0.134611,0.269791,2.712693,46.625638,6579.619907,1
0.927478,0.2615,2.634946,56.223969,5937.77476,0
0.803368,0.234763,3.694382,55.438441,7376.716759,0
0.100429,0.856011,1.793274,54.870542,3130.081762,0
0.509997,0.515792,1.599987,50.426303,2213.870903,0
0.719907,0.224352,1.926791,47.093613,1848.618146,0
0.152448,0.587647,1.262904,46.412681,319.901487,0
0.931251,0.220055,2.333727,52.012761,3268.781996,0
0.902373,0.140738,2.394447,49.875032,4735.876723,0
0.178933,0.338049,3.789722,49.594128,8302.251114,0
0.201932,0.459396,2.503449,52.2209,8180.538438,0
0.10222,0.235075,3.480906,44.313812,8660.723564,0
0.845625,0.918033,2.1897,65.928415,2069.559325,0
0.443589,0.575489,2.058027,54.321749,2101.367111,0
0.23096,0.832004,2.058779,57.835164,5503.4401,1
0.438019,0.696154,2.637297,57.126114,3386.309106,1
0.537985,0.599916,2.019613,54.892588,2886.382741,0
0.323613,0.103674,1.899889,42.016459,3827.958358,0
0.610736,0.736011,2.121768,55.972163,1866.662993,0
0.500536,0.592628,1.516006,54.081968,3072.513963,0
0.114141,0.13496,1.515781,35.491623,2311.840873,0
0.021011,0.551908,1.668868,46.402079,823.220935,0
0.632047,0.338368,3.048026,53.367744,6341.923804,0
0.746293,0.365291,2.867664,55.12637,4329.986336,0
0.093425,0.814898,1.534878,53.662252,2431.937628,0
0.425646,0.806247,3.266069,61.926239,5891.401074,0
0.515402,0.552674,3.110865,55.353902,5806.629303,1
0.24348,0.650098,3.391459,57.618134,6595.600265,0
0.858703,0.776418,2.055887,61.138783,1549.654865,0
0.874964,0.211292,3.519164,58.875421,8289.927973,1
0.345306,0.864824,2.404153,58.765363,3256.294855,0
0.6018,0.895621,2.090626,64.012233,2703.072147,1
0.919903,0.205699,1.452318,52.366494,1533.009549,0
0.130743,0.545777,1.84085,48.231759,1394.508687,0
0.500216,0.829565,2.84382,63.32476,3993.597507,0
0.655841,0.857904,3.117548,64.84178,4386.39853,1
0.356368,0.946305,1.228511,54.589584,202.141316,0
0.288454,0.955404,1.508632,57.248284,1144.557593,0
0.730359,0.722546,3.692264,63.357493,6311.138394,1
0.560994,0.939211,1.90449,57.444468,836.854861,0
0.841487,0.625601,3.246358,65.432551,7599.56773,1
0.718098,0.184447,2.922106,53.239877,5529.794496,0
0.370115,0.76641,1.581575,51.809465,35.832786,0
0.799961,0.298541,1.522266,49.918111,547.223699,0
0.379656,0.585955,3.036565,58.528827,6952.238099,1
0.647902,0.82145,3.415418,65.649397,5622.781961,1
0.342836,0.683807,2.484584,54.019473,4550.134496,0
0.370707,0.203813,2.640941,46.873475,6079.632176,0
0.474011,0.221849,2.197028,47.013628,3797.133019,0
0.712388,0.704383,2.173081,60.774571,3480.242943,1
0.549462,0.518047,3.203451,54.767242,5924.075408,0
0.710459,0.450864,2.159309,52.935729,3568.329432,1
0.642539,0.840462,3.158901,64.260712,4574.064085,0
0.65929,0.209553,1.747357,50.849919,3226.021835,1
0.162548,0.624977,3.154439,55.855459,8624.175024,0
0.145211,0.36829,1.365985,43.108127,3228.668514,0
0.391117,0.358254,2.944212,51.517463,7674.198797,1
0.213786,0.330462,2.704649,47.511318,6535.996727,0
0.799255,0.189654,2.078975,50.07086,4596.622394,1
0.275264,0.102255,2.728683,43.382932,7221.739104,0
0.109561,0.611324,2.244166,51.185833,6321.179453,0
0.940694,0.120403,2.337573,52.338304,5257.007508,0
0.375328,0.990227,1.966727,59.156531,2148.530013,1
0.272197,0.829975,3.055332,60.922034,8309.446075,1
0.130415,0.78631,2.667454,58.086169,5819.796123,1
0.731113,0.374463,3.315829,54.520013,7493.088716,0
0.475547,0.266259,1.96279,49.442893,4755.912941,0
0.350212,0.135349,2.102844,42.177905,4308.370629,0
0.924113,0.276465,3.398468,58.753929,8720.766043,1
0.306309,0.56012,2.629253,55.147258,7644.846944,1
0.891935,0.985832,3.267724,68.772741,3867.280809,1
0.496267,0.593948,1.55397,52.822822,1139.981928,0
0.194224,0.991036,1.384639,56.326021,1311.111514,0
0.302637,0.466049,2.571546,51.396499,6410.911406,0
0.079249,0.273851,2.876596,46.040818,8219.837737,0
0.016421,0.467385,1.612476,47.006871,4001.026409,0
0.802981,0.656373,2.960457,64.054088,7076.119029,1
0.084635,0.839952,2.614574,55.699437,5403.202767,0
0.691614,0.747398,2.674255,60.983555,3828.362988,1
0.849754,0.93953,3.607799,69.038349,4041.526295,1
0.866893,0.963549,2.65183,67.664962,1924.500304,1
0.76222,0.522301,2.643794,55.509927,2758.962271,0
0.410014,0.863401,3.26442,62.896932,8350.272577,1
0.424075,0.353555,1.826056,47.34797,1917.887187,0
0.548038,0.28142,1.60784,46.952648,2071.314434,0
0.633078,0.32193,1.448023,48.728711,1224.896853,0
0.139506,0.357169,1.899795,44.025226,4368.810921,0
0.353456,0.441262,1.027202,44.749167,440.333623,0
0.204079,0.778673,1.405121,55.072852,2474.41113,0
0.677573,0.237053,2.517701,51.785335,5422.676371,0
0.196758,0.969689,2.432065,58.684657,4769.50257,0
0.45385,0.679553,1.329363,51.875104,80.216512,0
0.921826,0.578646,1.891539,57.465824,592.905934,0
0.383239,0.851696,1.863561,55.988137,1882.701116,0
0.372826,0.733594,2.222962,56.614715,3034.105464,1
0.189593,0.755089,3.310261,58.714955,8026.844247,1
0.007387,0.173361,1.679257,37.458956,1374.295976,0
0.513896,0.77766,1.335587,53.810191,219.693267,0
0.308475,0.68142,2.574419,55.685495,7637.068209,0
0.027514,0.338498,1.209629,42.122762,1885.806949,0
0.65332,0.994781,3.053498,69.113013,5573.275487,0
0.016149,0.201754,2.006332,39.681973,2669.416188,0
0.933556,0.47959,3.876532,62.577944,8255.468081,0
0.287969,0.308913,1.705013,43.170468,2008.326972,0
0.071307,0.136188,0.853995,35.180144,1055.845532,0
0.531281,0.966611,2.124421,61.924252,2260.041067,0
0.72684,0.088019,2.421135,48.025016,4837.841912,1
0.129845,0.853858,3.463757,61.001078,8793.22895,1
0.457513,0.419057,3.426561,56.187822,8754.479508,0
0.24229,0.359563,3.53236,50.592327,8502.042518,0
0.050758,0.363008,2.598356,43.886501,7424.448923,1
0.491327,0.521744,3.196825,58.817528,7815.802565,0
0.207072,0.228575,1.36036,39.520853,1454.233692,0
0.841501,0.444266,4.142855,64.373012,8114.897292,1
0.197095,0.385096,1.525438,44.429988,3048.659854,0
0.600914,0.895117,4.022166,66.867707,7740.495114,1
0.768232,0.960812,3.606875,68.354418,6052.66091,1
0.704147,0.182075,2.261732,51.939829,4862.795946,0
0.096511,0.286098,1.991487,43.710022,3253.699991,0
0.098703,0.1103,1.103016,34.122423,2092.56291,0
0.436801,0.514489,1.906792,53.337741,2089.458109,0
0.785917,0.333283,2.420044,56.289503,6172.921129,0
0.164789,0.68765,1.377279,48.714433,625.922438,0
0.186652,0.334705,2.066298,44.684419,5326.141977,0
0.010915,0.823768,1.790086,51.416328,3073.743035,0
0.462031,0.631977,3.259472,62.024089,7986.975917,1
0.473168,0.931891,3.67097,64.884992,8239.980131,1
0.876149,0.952937,4.202794,73.867582,8588.340855,1
0.531476,0.657498,3.731622,62.308106,7693.17336,1
0.092154,0.620115,2.511073,49.614848,3642.021681,0
0.759239,0.578742,2.518921,57.809248,2749.039141,0
0.188671,0.339649,0.901321,43.002514,863.548178,0
0.267511,0.458321,0.974284,46.490986,733.893243,0
0.284892,0.129079,3.21503,45.972133,7412.824401,1
0.439738,0.303667,3.078783,51.553374,8667.001987,1
0.541916,0.618361,2.776186,56.54387,6737.937793,1
0.653503,0.480767,1.313583,53.791922,1156.544724,0
0.930309,0.844384,4.095345,72.845229,6883.206568,1
0.346723,0.788964,2.764226,58.68739,6387.134477,1
0.325759,0.233524,3.016007,48.492905,8246.976715,0
0.712925,0.909639,2.041444,62.368502,3086.984955,0
0.697179,0.335933,1.543661,48.758987,1258.954957,0
0.497289,0.682965,2.870829,57.205219,3806.603556,0
0.557449,0.231563,2.75579,51.429785,5198.2119,0
0.803052,0.250387,2.68656,54.061931,6203.539876,0
0.67028,0.864471,3.108745,65.468551,5141.729265,1
0.285795,0.762908,1.549216,52.683693,395.783462,0
0.622737,0.980467,3.834061,71.757904,8013.566459,1
0.545206,0.768704,1.898421,58.802612,1990.876789,1
0.74364,0.955699,1.687592,63.195213,991.976104,0
0.553315,0.321288,3.556073,57.210526,8199.091685,0
0.837254,0.463227,3.551166,63.188295,8053.414727,1
0.531156,0.715013,3.621366,62.356871,8549.109988,1
0.935078,0.265956,2.076234,54.784157,3193.744075,0
0.12737,0.184046,1.406777,38.758841,1116.400814,0
0.107738,0.676355,3.811169,58.445928,8529.643713,0
0.796657,0.510664,2.440346,56.300303,3073.76895,0
0.855065,0.628406,3.25572,66.735341,7975.704215,1
0.478502,0.135782,2.838122,47.04484,6086.941619,0
0.564876,0.885736,3.411635,62.110729,5063.536812,1
0.930782,0.834136,4.186385,71.814742,8022.971142,1
0.662444,0.643382,1.995503,55.188957,1885.068437,1
0.732212,0.460458,3.8185,58.832201,8987.811001,1
0.793853,0.888497,2.509255,67.290893,2944.547305,1
0.530307,0.975261,1.150582,58.954924,265.257702,0
0.706574,0.752276,4.107432,63.048172,7564.848637,1
0.379093,0.289354,2.116957,44.339813,1969.508737,0
0.032751,0.258326,1.380839,39.890943,2477.60332,0
0.413749,0.304178,2.854938,49.34933,6330.947841,0
0.426311,0.497902,1.557481,48.805551,2025.150458,0
0.271429,0.683641,2.919267,58.019098,7517.88967,0
0.532965,0.577717,2.57629,56.298202,4962.969395,1
0.30257,0.50473,1.266422,46.762514,1506.78787,0
0.449542,0.310418,2.45796,51.720104,4187.26398,1
0.806607,0.802348,3.553455,66.972653,7320.485648,1
0.880612,0.969552,2.299663,65.276489,2791.551541,1
0.397044,0.967868,3.366407,67.970555,7372.536498,1
0.920223,0.924842,1.92784,66.322439,1028.674608,0
0.778925,0.340045,2.921383,55.822679,6741.071129,1
0.884171,0.369997,1.894809,54.432067,2848.25022,0
0.640806,0.310628,1.384386,46.920599,1267.9148,0
0.086261,0.634924,1.186543,50.043068,2642.456917,0
0.92047,0.848061,3.229888,67.301897,2831.349313,1
0.746465,0.233508,1.841634,50.542603,3892.28546,0
0.535241,0.599506,3.558069,58.750677,8500.094364,0
0.615925,0.138928,3.162968,49.621965,7372.733555,0
0.727732,0.612568,3.108089,60.521347,5682.524045,1
0.035656,0.366534,1.704227,41.101629,2731.878351,0
0.601885,0.230858,1.763931,46.887785,4211.494554,0
0.7233,0.597766,4.290317,64.451718,8824.136447,0
0.433718,0.900153,2.035146,60.345366,3168.114093,0
0.637356,0.105579,1.030902,42.836644,877.834609,0
0.270881,0.618329,1.86309,50.468548,3463.792207,0
0.417242,0.976251,2.982627,62.959302,7387.736353,1
0.901412,0.811174,2.558284,66.554333,4213.44426,1
0.2433,0.143886,1.153283,40.833429,1712.687457,0
0.86884,0.419177,2.065414,55.492956,1312.52128,0
0.645446,0.53477,3.431626,60.428243,7495.634942,0
0.036536,0.286123,1.530378,40.390145,2405.619107,0
0.358674,0.968594,1.713898,60.718378,1556.858249,0
0.658567,0.380992,2.315018,52.77342,3371.745645,0
0.15007,0.526699,1.901734,47.158664,4898.603224,0
0.345723,0.164404,1.869186,46.726029,3711.865135,0
0.347329,0.223376,3.368218,50.237746,8795.449013,1
0.904594,0.800195,2.91173,62.198181,2539.668898,1
0.859841,0.500629,1.653501,56.124512,1534.405028,0
0.550451,0.972424,3.88075,69.526477,7003.520165,1
0.369867,0.518668,1.543007,50.049306,1311.65309,0
0.921934,0.945189,3.968932,72.85153,6507.478229,1
0.946074,0.774924,3.438871,66.784475,5391.000421,1
0.284114,0.956176,2.221986,57.388866,1505.167442,1
0.769158,0.765538,1.835099,60.27068,1183.12231,1
0.754152,0.910966,2.716438,66.534405,3634.946002,1
0.40377,0.371107,1.674284,46.004825,1381.861438,0
0.085773,0.107264,1.677921,36.184852,3286.630804,0
0.130565,0.826958,1.153693,54.526105,1990.081559,0
0.308245,0.223548,1.845186,44.886108,5092.147865,0
0.92452,0.16742,3.246432,57.232534,8464.125332,1
0.042227,0.684014,1.343001,49.428358,3617.533571,0
0.654625,0.566289,1.168116,51.96766,35.003268,0
0.200428,0.544192,1.848787,46.772316,1470.326844,0
0.601237,0.244982,3.58532,55.851301,8542.322858,0
0.732827,0.653723,2.059491,57.667496,1038.357409,0
0.750797,0.615682,3.340632,63.720322,7321.181354,1
0.848916,0.353517,2.466798,55.066333,3956.863094,0
0.22078,0.940675,3.668025,64.236961,8732.69667,0
0.401937,0.282264,1.672409,45.470163,2750.236882,0
0.277653,0.672558,1.848934,51.593594,2474.989309,0
0.834345,0.920422,3.666806,71.147631,6487.492976,1
0.039851,0.99745,1.586056,52.342312,2400.798219,0
0.81213,0.313537,3.169862,54.760091,6800.543978,1
0.394635,0.457761,2.936543,54.912549,6412.487987,0
0.610509,0.641675,2.282266,55.361334,4210.210159,0
0.258903,0.24712,1.383934,40.491392,677.705299,0
0.186183,0.432155,2.945778,49.781843,7397.193712,0
0.680022,0.680838,2.690298,59.388892,4552.400929,1
0.439479,0.491686,3.267893,56.546719,8619.553309,0
0.61895,0.091414,2.824844,50.210192,8378.605145,0
0.802066,0.852647,4.08157,69.833397,8708.315711,1
0.290775,0.111607,1.412767,39.144844,2354.987805,0
0.915843,0.158374,1.887491,47.124908,1823.347985,0
0.14464,0.422175,1.34255,42.574284,1463.454306,0
0.557577,0.735288,3.835027,67.224916,8261.628795,1
0.11176,0.46286,2.816259,48.452415,8084.937577,0
0.000575,0.706645,1.028202,46.13283,321.29632,0
0.322654,0.564286,1.742169,50.858389,2875.759262,0
0.655944,0.831702,3.58331,66.32078,5484.98889,1
0.765262,0.741519,2.303564,59.865657,1279.287836,1
0.129319,0.281915,1.956726,40.53193,1708.75637,0
0.869931,0.841183,3.891981,69.468758,7395.507468,1
0.472884,0.479182,2.752603,52.136347,5687.267855,1
0.690384,0.75966,2.249043,59.336488,2658.437613,0
0.661973,0.798464,2.917759,65.096445,5836.275821,0
0.701631,0.531307,1.029277,52.656285,1005.607205,0
0.891027,0.590743,2.646205,63.88562,3330.34141,1
0.636487,0.211119,1.52215,45.363984,2211.386795,1
0.041742,0.973051,0.73721,55.551659,1107.966645,0
0.581055,0.174918,2.558545,47.961417,5966.362345,0
0.550894,0.251717,1.715723,45.033485,2192.623946,0
0.556972,0.451847,2.804175,55.176659,4346.313273,0
0.853011,0.941347,2.585335,63.476566,1747.954113,0
0.166224,0.24934,3.058257,46.090097,6471.139012,0
0.470141,0.27192,2.911312,50.377441,5513.398229,0
0.234899,0.31225,3.485211,48.406266,8734.716548,1
0.317403,0.599372,1.274531,50.685254,2433.442158,0
0.827748,0.534721,3.194566,61.271216,6220.926676,1
0.359191,0.289658,2.346896,47.817952,5227.15496,0
0.755668,0.582267,2.673682,58.139871,5603.349377,0
0.244649,0.561071,2.664304,55.900974,6827.818551,0
0.853868,0.643713,3.128936,66.255065,5953.15881,1
0.126519,0.086631,2.191432,39.174179,5767.514792,0
0.93313,0.175169,2.500043,54.500279,5086.864711,0
0.434436,0.089983,0.99743,38.322845,1026.634526,0
0.705465,0.325054,3.290957,55.651259,6255.316293,0
0.326769,0.941064,2.903843,62.679036,7127.918416,1
0.248936,0.20583,2.854871,48.563929,8877.509875,0
0.360624,0.471563,1.541811,49.039624,3390.109978,0
0.03503,0.315459,2.511309,47.018112,6808.363333,0
0.747314,0.089963,2.137581,47.925808,3394.752404,1
0.263051,0.939079,1.045137,56.211704,760.799017,0
0.754909,0.998255,3.347761,70.602458,6028.784984,1
0.632469,0.689988,2.818139,59.856107,5330.391223,0
0.01947,0.418365,2.722327,47.444815,8313.370255,1
0.371455,0.127645,1.385804,37.671838,1285.430066,0
0.882461,0.361485,1.674482,52.89006,1994.155587,0
0.880319,0.471143,1.728544,57.700436,1830.125696,0
0.111112,0.732854,2.70278,52.709703,6190.713046,0
0.210668,0.803716,2.645199,56.048519,5706.018458,0
0.616163,0.086398,2.215328,45.399411,5473.285612,0
0.322041,0.504938,2.44637,51.800928,6001.42182,1
0.594885,0.985814,2.534576,65.453679,4387.733637,1
0.092096,0.082084,1.58484,38.83955,1017.181337,0
0.05,0.855766,2.015555,52.622884,3197.673894,0
0.767259,0.176615,1.624462,46.97016,1716.771099,0
0.417872,0.205589,2.761746,48.633355,7544.885634,0
0.59039,0.133638,2.325114,46.82928,3649.121153,0
0.792134,0.39983,1.515641,55.482022,20.461101,0
0.712866,0.368769,1.643479,52.823454,80.922488,0
0.499901,0.429258,3.514922,55.102848,8214.450575,1
0.164338,0.092588,1.969898,39.801915,4595.353982,0
0.804432,0.785577,2.107929,63.221425,1246.531475,1
0.376963,0.840827,3.052326,60.084768,5317.696029,1
0.674899,0.153621,1.65344,47.447201,2645.329131,0
0.394826,0.16988,0.959807,40.204254,96.956546,0
0.497453,0.490656,3.002343,56.666651,7829.661546,1
0.753195,0.341027,1.577075,53.204771,1255.735979,0
0.533044,0.693915,1.97995,54.266171,1222.073435,1
0.250162,0.770993,1.501527,51.177658,1393.978763,0
0.674787,0.436291,3.976641,62.087291,8640.043317,1
0.323727,0.558296,1.876507,49.741641,3403.240211,0
0.563332,0.144737,1.819284,44.239553,3872.622171,0
0.71661,0.348262,2.012459,53.114248,3047.070363,0
0.563906,0.748945,2.742422,60.361258,3733.539907,1
0.815808,0.279086,3.487761,56.922665,7504.146647,1
0.328693,0.848859,1.868553,57.373804,2815.719564,0
0.862253,0.71501,3.778928,63.673663,7063.674731,1
0.683722,0.55454,2.794425,60.166506,6970.917371,1
0.013277,0.310006,3.562353,48.410255,8622.583411,0
0.878034,0.540912,1.846234,60.334191,1044.668363,0
0.484069,0.937909,3.908556,69.60508,7477.710662,1
0.682048,0.50162,1.15205,51.611907,1003.511301,0
0.605743,0.283743,2.455759,53.259311,5915.277568,0
0.402832,0.40784,1.581922,46.256331,1263.91295,0
0.917452,0.706707,3.066194,64.694384,5078.43492,0
0.428167,0.782957,1.614296,54.722896,2311.784055,0
0.140955,0.931056,3.10241,62.107287,8774.307555,1
0.044278,0.931288,2.720893,60.141148,6576.541744,0
0.603322,0.818956,1.791263,56.549207,1207.833586,0
0.046921,0.531977,1.362389,48.262101,1691.513924,0
0.147143,0.21594,1.055514,39.051503,2139.222022,0
0.636376,0.326415,1.433526,49.31134,1481.008108,0
0.552794,0.409871,3.082153,57.298157,8682.571976,1
0.18663,0.603628,2.099534,50.099231,3888.622762,0
0.292254,0.92042,1.548384,56.731245,1889.830661,0
0.885082,0.136778,2.277878,53.962413,5115.71289,0
0.938477,0.953865,3.187559,69.604037,1813.69561,1
0.41304,0.704803,3.249213,57.673908,6457.110331,1
0.251693,0.443206,2.680369,49.518542,5096.084502,0
0.780014,0.376993,3.211148,61.266072,8367.686294,0
0.780433,0.888215,2.327785,64.589263,3286.846733,1
0.128723,0.298543,1.754095,42.515921,2936.805793,0
0.248165,0.519718,1.861007,50.529914,3084.669303,0
0.414131,0.464843,1.186395,51.539686,804.036784,0
0.489503,0.361981,2.503138,52.017382,4296.484046,0
0.015993,0.379887,1.602189,41.091244,3302.561064,0
0.671426,0.318711,2.589721,54.260573,4615.522894,1
0.591501,0.776553,3.688584,65.358857,7762.503839,1
0.097894,0.672068,1.255166,44.175657,101.842732,0
0.206197,0.682512,2.858997,58.114492,8337.52784,0
0.913957,0.823807,2.938294,67.37611,2862.178641,0
0.412317,0.679861,3.148727,58.413618,5959.725134,0
0.286347,0.753457,1.558458,52.353833,1306.289477,0
0.933666,0.38818,2.889498,59.307756,5519.308041,1
0.643926,0.080225,2.857589,49.60889,7219.607051,1
0.062791,0.824675,1.445835,48.703573,804.786654,0
0.257895,0.35683,1.4184,41.899944,1871.543495,1
0.691392,0.160217,0.718511,45.044749,278.819366,0
0.411863,0.696352,2.62858,56.098323,3080.246854,1
0.441366,0.952819,1.946067,60.333578,2673.269231,0
0.893824,0.920668,2.915475,65.747776,2444.303641,1
0.423793,0.082454,1.774159,41.382878,2600.474829,0
0.270229,0.41164,1.477438,45.68461,2127.844928,0
0.261001,0.749522,2.964297,56.144525,6557.980194,0
0.8192,0.789394,4.451724,69.302739,8555.681313,1
0.655934,0.581636,1.204256,51.028001,689.757105,0
0.035799,0.268216,2.823228,45.671293,8215.070159,0
0.11801,0.435512,2.864762,49.792442,6516.190175,0
0.436292,0.129274,2.542655,47.079504,5641.678091,0
0.109694,0.877083,2.48206,60.127572,7889.115324,0
0.517021,0.878061,1.657565,60.965094,1144.964374,0
0.635232,0.442355,2.593041,55.259163,3708.472224,1
0.193159,0.357825,2.203113,46.235085,3681.320831,0
0.852955,0.358881,3.621924,61.307804,8779.945926,1
0.361074,0.266009,2.283085,48.527268,4986.918286,0
0.669684,0.35231,1.070621,47.051741,115.982695,0
0.219751,0.126882,1.65671,41.792022,3293.770367,0
0.405592,0.198849,2.118592,45.874228,5247.878022,0
0.865623,0.574124,2.111847,59.563326,1062.057108,1
0.203964,0.379092,0.900563,42.809298,689.185159,0
0.766518,0.36065,2.058438,55.356218,1732.07364,0
0.351419,0.88081,2.302416,59.838893,5410.436779,0
0.657955,0.659176,3.85534,63.275845,8867.197725,0
0.56816,0.08912,1.036561,39.446511,724.079897,0
0.391147,0.534059,2.285594,53.024973,4955.407614,0
0.183278,0.371027,2.454005,46.977237,5523.289182,0
0.619531,0.769922,1.420007,55.499389,809.692117,0
0.822543,0.650363,2.303418,57.981976,1393.989203,1
0.190765,0.293081,0.746609,40.718877,1160.827347,0
0.526817,0.380889,3.549171,57.796442,7222.024442,1
0.437768,0.122933,2.285231,44.445035,3680.349065,0
0.027075,0.839513,2.553318,54.382801,5269.61856,0
0.423627,0.903942,2.105605,60.498914,2663.496975,1
0.014054,0.278244,2.780098,44.16234,6258.223474,0
0.183141,0.994463,2.004214,58.485699,3921.595684,0
0.186682,0.269987,1.391721,42.895902,602.937709,0
0.36877,0.174295,2.417038,48.200839,6182.08185,0
0.646241,0.126982,2.13078,51.125553,5992.735171,0
0.657682,0.193181,3.53156,54.426462,8764.88838,1
0.30399,0.098024,2.254511,43.276718,4713.987301,0
0.345199,0.637961,2.284382,54.415911,5258.292863,0
0.237427,0.081109,1.697358,40.825264,3247.114956,0
0.177855,0.306671,1.485376,39.103277,1137.726346,0
0.205607,0.199586,2.377141,44.235036,5971.605357,0
0.793865,0.214227,1.449907,48.324729,792.947351,0
0.380709,0.71257,2.345094,54.488975,3926.69973,0
0.806588,0.613731,1.624226,57.416738,609.139019,0
0.354212,0.415621,1.404847,48.320178,3124.523793,0
0.758937,0.77373,2.484517,60.391109,2715.723963,1
0.746246,0.713452,2.004026,56.991638,781.159398,0
0.237043,0.535014,1.753649,48.491947,1413.68654,0
0.216808,0.997528,1.810378,59.294722,902.068814,0
0.181396,0.330599,1.052669,42.405813,744.686379,0
0.893345,0.86903,3.157984,66.636987,6093.550072,1
0.211293,0.152144,2.41587,43.300452,6358.317019,0
0.942884,0.776664,4.664956,70.707574,8500.510335,1
0.053338,0.288385,1.118966,40.73978,1596.555293,0
0.591586,0.128791,2.648108,50.423934,7367.908979,1
0.630774,0.689159,3.01979,61.608383,5374.180708,1
0.242146,0.920936,3.25866,64.09532,7199.257927,1
0.30535,0.716484,2.653208,57.761319,7448.079196,1
0.565584,0.45544,2.630688,55.398843,3757.099924,0
0.471557,0.73577,2.248765,55.81222,2070.109426,0
0.053707,0.534628,1.187881,45.185499,1979.694759,0
0.854769,0.177581,1.362922,49.003025,2090.249925,0
0.466703,0.481055,1.90764,50.482689,2277.309479,0
0.870267,0.115411,3.497212,54.142695,8980.291069,0
0.360116,0.560653,3.656864,58.901233,8880.922016,0
0.068659,0.158655,1.485012,37.347649,713.458508,0
0.873904,0.546458,3.923809,67.689213,8873.966911,1
0.804343,0.960652,1.590774,65.337769,485.054846,0
0.702257,0.748956,3.426137,64.835564,7812.200089,1
0.281462,0.201451,2.726585,45.15778,6450.916129,0
0.748856,0.904146,2.967658,68.33823,4251.64196,1
0.34826,0.319172,2.95616,54.001345,8506.983667,0
0.425756,0.108454,1.819149,43.6978,2333.690976,0
0.654684,0.46966,2.722595,57.645518,6781.379473,0
0.773406,0.326825,3.25178,54.338661,5807.257808,1
0.086982,0.861053,2.226538,57.174759,5900.542679,0
0.332341,0.262659,2.126178,44.42647,3522.228513,0
0.185537,0.105051,2.037258,42.407122,5411.531542,0
0.700648,0.252033,2.879953,55.898645,7361.686566,0
0.105419,0.373535,1.406417,42.364605,2615.962192,0
0.914194,0.508422,3.232692,65.556937,8247.88747,0
0.494727,0.343354,1.679007,47.347914,923.844147,0
0.472152,0.146179,1.610779,44.25059,1920.226137,0
0.43742,0.633596,2.692597,56.603854,5251.474914,1
0.060016,0.683636,2.882029,54.653163,8147.057026,0
0.708053,0.294654,3.10455,54.661458,7843.695238,0
0.620204,0.528831,2.182788,53.867146,1593.079516,0
0.656974,0.210452,2.059499,48.618684,4255.810424,0
0.19222,0.551212,1.701817,49.290224,4047.777324,0
0.732814,0.244068,3.189177,57.514956,6694.742181,0
0.938286,0.403753,3.154713,59.165175,6434.322781,1
0.015141,0.535827,2.235706,48.488894,5289.953423,0
0.909877,0.767691,3.735375,66.365151,6624.167512,1
0.698864,0.706368,2.025855,57.832321,1908.560688,0
0.719993,0.609419,2.951017,60.46548,5468.616782,1
0.468894,0.974233,2.789935,63.966198,3173.703282,1
0.598567,0.617447,2.776392,60.250807,6150.990183,0
0.307466,0.711468,2.513098,57.107538,3639.147104,0
0.305328,0.830921,2.031807,54.468861,2822.183604,0
0.744435,0.444159,2.33225,56.872158,1983.795142,0
0.08709,0.82641,2.481814,55.678486,6975.512981,0
0.767414,0.678361,2.734445,62.12049,3600.872034,1
0.368037,0.90984,3.539233,64.47407,6461.694631,1
0.73925,0.887927,3.143689,68.468026,6744.003843,1
0.395988,0.781798,2.134206,55.938335,2079.057602,0
0.601298,0.478949,2.561182,52.696841,5121.957681,1
0.871728,0.549664,1.130775,59.074481,206.104303,0
0.592807,0.969315,2.598614,62.917257,3557.570881,0
0.022936,0.211543,1.739909,39.282761,3106.474689,0
0.20188,0.805913,3.350265,60.171351,7807.813277,0
0.344369,0.552499,1.579673,52.713497,3800.117036,0
0.275479,0.085002,2.304715,41.875836,5314.046308,0
0.357104,0.964446,2.728657,60.491762,7996.452233,0
0.265738,0.930717,2.486721,60.254861,3791.581746,0
0.8643,0.839075,1.841252,64.170698,486.480637,0
0.513908,0.920252,3.316645,64.712324,7353.415462,0
0.858536,0.218819,2.629934,52.535012,6980.961588,0
0.358644,0.184224,0.993222,40.654099,947.093355,0
0.330335,0.344364,3.362504,54.082816,8906.726894,0
0.67544,0.177785,1.900365,48.148198,4011.95045,0
0.568951,0.777757,1.99663,60.451441,2085.851349,1
0.094071,0.415518,1.455119,43.273633,1422.959066,0
0.67938,0.669003,3.534723,63.1498,8576.215065,1
0.011302,0.862306,2.525592,58.694908,6865.811378,1
0.422525,0.111326,3.036723,47.531396,8914.897214,0
0.574455,0.277599,3.381801,51.52734,8809.950612,0
0.059534,0.905917,2.626661,57.340907,6942.905092,0
0.536716,0.485977,2.466527,51.711735,4389.790119,0
0.398907,0.143969,2.334849,47.876674,6491.885118,0
0.745496,0.275835,2.249622,50.524191,3289.408518,0
0.004762,0.845371,2.838413,57.273138,8745.039767,0
0.087073,0.633699,2.233922,49.757423,5289.758806,0
0.715626,0.354211,3.770319,60.390897,7735.955204,1
0.62793,0.943152,4.014393,70.856922,8624.687907,1
0.044168,0.62238,2.349655,51.099992,4698.395425,0
0.628873,0.177309,1.450972,44.080473,1426.861601,0
0.44564,0.261078,2.40056,47.513232,5812.199197,0
0.468216,0.687193,1.657958,52.215266,591.243375,0
0.035631,0.19324,1.220611,36.577717,2057.148066,0
0.347435,0.136342,3.313111,46.774699,6440.626724,0
0.139212,0.085418,1.874262,38.464719,2839.391594,0
0.204955,0.770019,2.390668,55.215634,4390.743041,0
0.103746,0.187054,1.334621,36.705271,3009.90496,0
0.014733,0.331292,1.884686,42.017753,5042.427265,0
0.09141,0.687128,1.437177,48.328614,2964.16486,0
0.284138,0.423619,3.260243,54.752452,8167.685951,0
0.572838,0.62618,1.50111,54.049815,1595.552232,0
0.109681,0.382551,1.524556,45.680946,2653.572033,0
0.527917,0.251509,3.632767,53.045722,8873.471359,1
0.146088,0.240195,2.497484,44.215735,5119.550851,0
0.494256,0.519743,1.32341,50.436063,508.023956,0
0.229462,0.576962,1.886231,51.495483,4814.301375,0
0.301153,0.113431,1.291878,38.551775,659.177398,0
0.787904,0.56916,3.246869,60.822877,6711.045466,1
0.231548,0.643412,2.134996,48.183352,2682.242215,0
0.21011,0.449875,3.776136,51.578189,8255.748569,0
0.459985,0.876927,2.20121,61.131435,4148.795391,0
0.512164,0.856894,1.62269,59.661408,422.367245,0
0.2166,0.794462,3.476635,61.125173,8314.769303,1
0.311076,0.124354,2.077677,40.098754,2903.180419,0
0.501879,0.537743,3.485385,58.000243,8864.71674,1
0.116458,0.176902,2.404742,40.817221,4536.96953,0
0.73592,0.153602,2.756937,51.464402,7382.718772,0
0.174017,0.171199,2.203942,40.074117,4967.239898,0
0.318183,0.657004,1.364169,49.930579,281.504943,0
0.787725,0.755374,4.038003,68.599825,8654.445149,1
0.637685,0.577844,2.186512,57.131789,2833.35538,0
0.019543,0.186173,2.361161,39.944864,5003.497539,0
0.254015,0.644453,2.146069,55.544589,3339.233117,0
0.211546,0.243897,3.100333,47.693272,8014.076342,0
0.677813,0.830141,3.671094,67.508362,7161.440539,1
0.036133,0.237814,1.723913,37.981316,2705.496492,0
0.72639,0.279062,3.30437,55.406028,7151.422843,1
0.257244,0.596037,3.367346,56.246714,8327.950013,0
0.698492,0.896546,3.98221,67.302357,6079.307122,1
0.888954,0.239103,3.567224,59.938953,8825.480973,0
0.440725,0.224085,0.671135,41.477214,462.074266,0
0.891536,0.745066,3.97578,67.145418,7799.303479,1
0.895871,0.733163,2.881435,64.516893,3057.880168,1
0.760401,0.703784,2.19515,60.07925,2384.067879,1
0.807918,0.760073,3.509343,64.647553,7204.59584,1
0.311082,0.661577,3.161922,57.057231,6583.137586,0
0.576161,0.741302,3.191282,58.662927,5565.900856,1
0.564649,0.39699,2.02008,49.93322,3341.22805,0
0.811404,0.713948,3.934524,64.327437,8621.889188,1
0.811653,0.245692,0.897677,49.230761,1306.567626,0
0.791464,0.451207,2.427763,56.588818,5060.392275,1
0.477997,0.211046,0.869116,43.260219,772.744055,0
0.398486,0.643266,2.436913,54.532434,5316.612753,1
0.686257,0.370667,3.301605,55.769841,7200.380334,1
0.059818,0.641073,1.546976,48.63679,1952.021396,0
0.621372,0.506872,3.067948,60.064036,6770.525126,1
0.871966,0.616953,1.503685,56.545756,1056.511303,0
0.48848,0.602905,2.771609,57.406171,7320.298681,0
0.568033,0.3562,1.669789,47.868336,1388.857984,0
0.129099,0.354821,2.128956,43.6196,2948.845935,0
0.783991,0.176064,2.651001,53.015201,5850.398084,0
0.530847,0.899384,2.53082,60.973685,2733.991239,0
0.388403,0.900626,1.210588,56.829143,1398.687802,0
0.002784,0.181707,1.340756,34.988924,127.304326,0
0.290952,0.264805,0.948104,41.677628,1450.282072,0
0.397564,0.197658,3.517379,47.407985,7655.869841,0
0.021935,0.446753,1.37695,42.803087,2091.797446,0
0.677699,0.889539,1.692,59.759506,363.898859,0
0.782753,0.281735,2.153844,52.64567,3925.071331,0
0.684425,0.630193,3.34835,62.837075,7635.047484,0
0.83445,0.753371,3.516308,67.300457,7011.501812,1
0.106525,0.764261,1.092166,48.49004,1045.578038,0
0.759075,0.351229,1.612392,52.831245,2324.673701,0
0.193622,0.547164,1.567549,47.100672,1937.754293,0
0.272395,0.92102,2.847357,61.538877,5550.821116,0
0.921746,0.939494,2.007431,70.478857,1460.732027,1
0.28956,0.855355,3.088188,60.018303,6549.015279,0
0.356317,0.90569,1.794438,57.055616,1001.734343,1
0.538219,0.334459,3.281096,53.962782,7453.248341,0
0.013666,0.61539,2.341197,50.245917,4632.478573,0
0.049451,0.719565,2.329727,50.532286,6748.46567,1
0.792404,0.197037,2.972753,52.65676,5342.802438,1
0.189086,0.668592,2.682968,55.061088,6725.628725,1
0.138747,0.477829,2.901219,51.830941,8559.782689,1
0.773475,0.918086,2.901841,67.717687,3970.578928,1
0.625267,0.212074,2.329618,48.744177,3239.522586,0
0.296195,0.392355,2.249495,51.325233,5154.714329,0
0.909476,0.807672,3.1897,67.9006,6648.49534,1
0.626246,0.899579,2.24747,63.066766,2581.384312,0
0.279784,0.492288,2.693069,53.602264,7067.866593,0
0.179551,0.595386,3.634861,55.231845,8730.388333,1
0.827824,0.455559,1.198036,51.37364,1582.529016,0
0.456021,0.95108,2.043587,60.403147,2018.359385,0
0.869175,0.708684,3.270722,63.373684,4958.49952,1
0.15036,0.1824,1.462159,42.054084,1129.507918,0
0.240244,0.364464,1.468865,45.302809,3127.212679,0
0.16599,0.846919,2.861806,59.40074,7044.556677,0
0.497868,0.083854,1.390966,41.011958,1856.769796,0
0.807734,0.305323,3.394878,58.482804,7848.148462,1
0.232432,0.683853,0.965837,49.269354,1431.791291,0
0.863158,0.659663,2.799942,63.142576,4897.474291,1
0.936631,0.514961,1.765211,56.868107,2231.962298,0
0.674193,0.531681,2.334085,56.853739,3102.182877,0
0.05725,0.258844,2.19279,41.852009,4214.627298,0
0.784761,0.738509,2.697609,60.384266,1987.729443,0
0.11604,0.595264,1.491125,48.856125,864.237032,0
0.449636,0.522289,1.882082,51.763503,1979.577013,0
0.020519,0.180664,0.690912,37.262609,275.271398,0
0.17082,0.79536,1.715414,52.968635,2617.857606,0
0.160785,0.614516,2.635821,54.522507,5665.135637,0
0.144158,0.624338,2.254189,54.796752,8018.727291,0
0.192485,0.169459,2.668793,45.093458,6824.565941,0
0.113392,0.430613,1.729976,46.0564,3395.214604,0
0.094234,0.245112,3.608825,48.634071,8499.30681,0
0.823714,0.719905,3.075575,63.601431,6252.610466,1
0.863659,0.100991,3.335205,56.802047,8777.520208,1
0.341447,0.494152,1.654042,48.257254,1735.598079,0
0.185957,0.521644,1.398075,48.693604,845.204802,0
0.261544,0.464195,2.87754,54.262902,7043.972136,0
0.487578,0.585671,3.224891,59.078514,8834.119335,1
0.93874,0.465501,2.481828,59.404492,4488.825088,1
0.791311,0.222092,2.095584,52.095741,3266.015226,0
0.757923,0.628655,3.362943,64.414653,7581.650592,1
0.263328,0.19208,2.652076,45.744905,6500.314025,1
0.77384,0.593979,2.571893,61.322397,4399.62275,0
0.698432,0.414197,3.083077,53.656618,5731.445383,0
0.388582,0.397202,1.552718,49.358265,2707.662977,0
0.676611,0.959423,2.708503,63.575551,1602.610707,1
0.163419,0.429172,1.638821,46.251621,2212.650553,0
0.737981,0.179224,2.316174,50.201452,4030.314821,0
0.847805,0.398847,2.70777,55.914552,3566.596477,0
0.435031,0.932973,1.878878,61.146826,2850.707113,0
0.85517,0.772523,2.109918,63.757578,584.623818,1
0.046417,0.377411,1.266304,40.91819,1495.634025,0
0.858491,0.550319,2.362242,58.082455,2247.05738,1
0.044427,0.888815,2.600853,56.721828,7553.535084,0
0.045624,0.693245,2.991315,53.613868,8323.239689,0
0.579506,0.524484,1.159181,51.390755,1122.251389,1
0.151179,0.528939,2.602683,52.490645,5773.141715,0
0.715725,0.248551,1.262304,47.21147,123.979533,0
0.201285,0.224349,2.139645,42.136162,3052.249355,0
0.917596,0.644217,3.672114,65.293909,7586.058469,1
0.717688,0.082977,2.262474,48.945104,4493.257913,0
0.908126,0.417767,1.706338,54.989787,89.967407,1
0.165891,0.242775,2.356489,47.972205,7157.754298,0
0.00781,0.878964,3.284595,58.941493,7233.252125,0
0.301163,0.850804,1.440366,55.238866,988.190647,0
0.895667,0.874263,4.423383,72.997168,8870.015881,1
0.650588,0.296181,1.524856,51.42049,1537.590158,0
0.198314,0.778663,1.687537,54.045668,2007.7118,0
0.919587,0.138965,2.781043,56.437138,8151.262009,0
0.504259,0.499805,2.212507,49.975221,2653.099024,0
0.009416,0.700141,1.529311,46.306626,875.466319,0
0.251577,0.969128,2.178122,58.558335,4094.027804,1
0.54523,0.32132,2.118444,48.983796,2464.399972,0
0.033028,0.205166,1.271928,37.293149,1340.265261,0
0.377989,0.513286,1.652133,49.677946,1687.443154,0
0.076356,0.232487,2.472659,42.366597,5539.945853,0
0.509085,0.60873,2.309076,58.614435,5641.356174,1
0.421094,0.327311,1.387599,46.312501,1233.507924,0
0.18717,0.646612,2.585703,56.382714,6488.952257,0
0.046002,0.410349,1.732379,44.226949,2620.520854,0
0.747641,0.30453,3.617884,56.756883,8547.492689,1
0.17095,0.277604,1.563465,44.700188,3686.547828,0
0.826726,0.599285,3.161328,57.759672,4074.821638,1
0.584648,0.896976,2.615564,66.030876,6945.214626,0
0.866974,0.584231,3.382637,63.8653,6657.528899,1
0.048545,0.855844,3.473276,59.624247,8741.945845,1
0.718646,0.772951,2.094561,62.095957,304.537423,0
0.810249,0.890173,2.484913,66.763711,1346.840551,0
0.283619,0.991661,3.716289,64.943822,6902.082804,1
0.435674,0.950366,2.215294,59.898574,2633.043772,0
0.764872,0.132943,2.782604,51.705783,5261.493978,1
0.014432,0.224749,2.576655,43.006036,5496.806607,0
0.254809,0.594664,1.846644,48.994166,3064.722535,0
0.779443,0.772476,3.701508,64.722763,6753.749368,1
0.03082,0.83714,1.680257,52.368392,3297.40002,0
0.198721,0.977333,2.523084,59.453831,5971.143658,0
0.909125,0.11656,2.18042,49.721989,4933.136474,0
0.808592,0.840225,3.122058,65.460447,6026.178352,1
0.389114,0.088106,2.908957,41.808371,8072.116159,0
0.059667,0.538446,2.455669,51.104283,5195.706697,0
0.235878,0.342085,1.012569,42.32015,193.844991,0
0.18998,0.68725,0.837988,47.841815,216.387075,0
0.931106,0.460753,2.752662,60.380445,6198.11073,1
0.540718,0.293544,3.408113,52.759548,8409.691334,0
0.582991,0.260027,0.771217,47.728269,34.706743,0
0.260278,0.644202,1.831801,51.658419,3194.558737,0
0.246183,0.206448,1.478543,42.15651,1013.431443,0
0.833639,0.120678,0.865918,43.673421,1140.712234,0
0.03817,0.224511,1.814404,42.248292,3852.639707,0
0.070163,0.532354,3.02907,49.192847,7965.724762,0
0.806568,0.864441,4.16124,67.185209,7839.796068,1
0.691008,0.903482,1.526626,58.495883,265.856064,0
0.480822,0.231946,2.085019,47.078572,2686.678666,0
0.185212,0.914067,1.974178,61.357698,4605.557301,0
0.754211,0.540343,2.851593,58.423565,4885.61378,1
0.944721,0.349152,2.772384,57.21014,5353.702589,0
0.499026,0.806359,2.527885,58.641721,3776.921276,1
0.479169,0.569095,1.843709,52.387682,976.491344,0
0.879446,0.736091,3.22065,63.48385,6517.587906,1
0.545778,0.402409,1.630961,47.769761,459.104194,0
0.765339,0.47749,2.255644,55.951436,2901.342657,0
0.301252,0.095523,3.007364,46.332697,6882.20364,0
0.507666,0.650386,2.647981,54.651985,5140.324416,1
0.599486,0.536352,2.58129,54.138268,3725.987474,0
0.513359,0.782322,2.965239,58.220266,6051.610985,0
0.024503,0.69588,1.161305,44.98489,1597.289279,0
0.010248,0.229049,1.099373,36.925785,48.610453,0
0.412483,0.888288,1.566586,54.451975,930.96403,0
0.082822,0.672001,1.567647,46.523708,1057.796545,0
0.586191,0.54066,3.614361,58.646246,5980.949692,0
0.653337,0.666943,2.492235,56.166861,2482.774736,1
0.179243,0.691931,1.596978,53.080815,3077.161394,0
0.292299,0.809571,2.155512,58.327069,4137.055278,0
0.036331,0.118789,2.382361,41.084389,5369.608879,0
0.331049,0.432689,1.159921,47.249474,299.839236,0
0.24257,0.224041,2.449002,44.729627,5769.915665,0
0.845914,0.20909,1.529122,53.750098,3788.543293,0
0.508014,0.878322,2.012962,61.706249,1605.570088,1
0.086066,0.708466,1.791352,51.132402,2734.563812,0
0.59876,0.948717,2.315378,65.567939,3171.722916,0
0.247265,0.997462,1.893877,58.091419,2625.864715,1
0.191276,0.628186,3.32774,52.118149,8321.136836,0
0.194436,0.164275,0.861218,39.750256,192.859959,0
0.622493,0.700406,1.901329,57.945856,1060.505982,0
0.373054,0.84089,2.569565,59.945002,4081.358852,1
0.445675,0.889404,2.165724,59.176536,2491.026431,0
0.559442,0.296136,2.562409,51.072133,5577.475572,0
0.204104,0.992886,3.203314,62.229741,6181.59324,0
0.426935,0.106986,2.313449,44.1465,6178.915999,0
0.404356,0.690649,1.989484,57.79712,3757.31464,0
0.283788,0.990831,2.557859,62.711912,4234.142183,1
0.152219,0.915257,3.299158,60.526663,6830.926827,0
0.82463,0.39639,2.180295,53.541534,3751.483208,1
0.904138,0.581098,3.49584,67.247165,7034.803703,1
0.412882,0.131381,2.665496,45.07569,5351.570606,0
0.456448,0.419739,1.559126,47.642646,1836.815253,0
0.702655,0.65886,2.551833,60.696661,5222.279393,0
0.070883,0.897909,3.716468,58.839292,7907.355067,1
0.389878,0.887092,3.222668,64.672895,8381.31077,1
0.949262,0.952104,4.180678,74.722786,7874.687253,1
0.799539,0.417701,1.860044,53.249887,1010.187448,0
0.823404,0.848997,2.48189,63.263523,1871.216026,1
0.536567,0.269918,2.866181,54.61157,8545.388481,0
0.760468,0.69488,2.314148,61.28569,2666.297652,0
0.914289,0.942546,2.053518,65.743106,178.611624,0
0.479116,0.450556,2.4492,53.007738,4565.90275,1
0.27269,0.95113,3.34074,64.981617,8733.028578,0
0.294671,0.791886,2.354422,58.796495,4402.862822,0
0.641097,0.164254,2.694435,51.256063,8055.478763,1
0.440767,0.72305,1.355323,52.453698,1380.006253,0
0.854647,0.759346,3.643067,68.321341,7604.097371,1
0.449488,0.39738,2.843358,54.29888,7545.292867,0
0.39709,0.82259,1.495404,52.69003,1646.690931,0
0.917884,0.188976,3.268497,56.213687,7412.929696,0
0.698747,0.953902,3.052826,69.898389,6040.518561,1
0.503929,0.974241,3.814744,66.314139,7911.291927,1
0.490621,0.440959,2.231173,51.957679,3249.211167,0
0.248099,0.405143,1.043057,44.34734,1310.858179,0
0.289162,0.142924,1.404896,38.673827,2023.774419,0
0.427599,0.11164,2.043955,40.978089,4278.736404,0
0.58528,0.130235,1.427582,43.659413,2243.706006,0
0.191986,0.747431,3.209171,55.840155,7925.710038,1
0.652338,0.156672,2.560192,48.688151,6498.046702,0
0.411795,0.440609,2.13345,51.661536,4086.604511,0
0.217263,0.373201,1.96399,44.399094,4368.375549,0
0.465832,0.150219,1.955089,45.556809,3124.455568,0
0.312196,0.721585,1.875823,55.043754,1752.308032,1
0.366237,0.436555,1.690882,48.84279,1999.561968,0
0.749007,0.807868,1.983124,62.089636,91.586466,0
0.142553,0.885643,2.62707,59.050891,6037.260726,0
0.168017,0.547993,2.213531,50.380135,3226.542738,0
0.499239,0.170736,2.215536,46.734938,4521.022191,0
0.81386,0.360633,2.964435,58.096501,6121.275059,0
0.877243,0.982423,3.376929,70.994628,7100.064031,1
0.819997,0.817408,2.351289,62.503278,2685.91242,0
0.420083,0.10586,1.431961,41.039026,1390.894875,0
0.477978,0.634081,3.210157,55.697999,7061.925626,0
0.298213,0.463888,1.670316,47.980302,2694.021538,0
0.126895,0.592778,1.422416,45.925164,583.828509,0
0.050691,0.496133,1.942154,46.404179,5261.863241,0
0.397762,0.612832,1.167288,51.798537,337.156888,0
0.321771,0.784166,3.569518,61.174987,7467.057568,0
0.431707,0.590572,3.685312,58.054137,8996.373834,1
0.649748,0.58495,2.54802,60.030864,4989.940427,0
0.519437,0.332744,1.680663,46.419892,2827.860661,0
0.63438,0.501148,1.586714,51.561906,2282.562412,0
0.448727,0.483831,1.996551,53.947103,3431.755586,0
0.526982,0.802163,3.314262,63.389415,7364.812958,1
0.870556,0.309152,1.89516,55.939639,2954.469402,0
0.240342,0.268843,1.5462,43.259762,3340.510756,1
0.261549,0.680781,1.065958,49.777516,870.132702,0
0.187112,0.418076,2.537378,50.532214,6306.580204,0
0.403828,0.96444,1.560412,58.824822,343.558842,0
0.93726,0.78289,3.151533,65.692143,5441.957552,0
0.923463,0.250865,1.722088,52.831911,3291.708108,0
0.657014,0.374701,3.365745,58.223612,8095.770923,0
0.516096,0.862765,3.497959,63.761588,7390.742602,0
0.118795,0.367499,1.108742,42.088132,973.71727,0
0.934666,0.734004,3.632568,67.43189,7146.165797,1
0.901531,0.636565,3.059557,64.272514,6938.167376,0
0.095031,0.892919,2.430692,56.339092,4630.659111,0
0.346001,0.167632,2.32113,44.894855,3850.50155,0
0.73033,0.275043,3.588894,55.164905,7694.637203,1
0.320495,0.551285,2.251219,52.122269,5266.089453,0
0.757019,0.50701,2.613531,55.34755,3229.94761,0
0.605352,0.881005,2.793395,60.926542,4938.191642,0
0.915446,0.188593,1.471288,51.33052,1262.428991,0
0.826683,0.971021,2.911156,66.154211,2580.659185,0
0.058762,0.461149,2.14931,45.7938,4856.920681,0
0.155134,0.590427,0.9093,44.026956,388.808791,0
0.3691,0.565917,1.551355,53.79505,2978.868361,0
0.861305,0.15382,2.470007,54.263321,3650.092753,0
0.303182,0.234438,2.388913,45.528709,4612.942973,1
0.900167,0.864581,2.67541,63.104748,3189.335913,1
0.173093,0.54398,1.598705,46.173813,2258.108149,0
0.89698,0.635305,1.664782,61.509044,1506.536463,0
0.145545,0.174021,3.001083,41.045215,7848.433646,0
0.270577,0.733482,1.72255,52.451862,3167.670834,0
0.76176,0.502166,2.162986,54.949272,3152.487166,0
0.929101,0.313803,2.096749,57.067284,4664.20349,0
0.265942,0.813224,1.497621,52.908104,3063.641775,0
0.267592,0.753715,2.66956,56.926478,7725.013382,1
0.284825,0.58122,2.094595,51.002933,4115.060773,0
0.057967,0.544697,2.097952,49.03548,5534.907243,0
0.548351,0.838425,3.123749,64.630657,5719.161346,1
0.095342,0.966668,3.300628,57.735814,6804.46254,0
0.177582,0.78882,2.74006,58.877519,8237.181326,0
0.770526,0.397417,3.045208,59.419346,7520.941821,1
0.033711,0.952415,1.36632,58.199344,3220.326816,0
0.681284,0.85949,2.452907,63.558225,3061.278249,0
0.710303,0.347411,1.172773,49.057127,1068.136423,0
0.888737,0.831946,3.997335,72.232287,8858.713108,1
0.024841,0.470299,1.389627,42.982079,2325.529744,0
0.249389,0.423649,1.793839,48.242367,3627.735499,0
0.020019,0.132046,1.357986,35.457324,2546.95093,0
0.03616,0.120022,1.223323,34.369088,1294.90102,0
0.114182,0.907754,1.877112,54.057779,2290.854166,0
0.543558,0.486477,2.005476,52.862359,2784.034125,1
0.358459,0.480514,2.691094,51.868254,6622.435097,0
0.335587,0.200058,2.487791,46.228763,7168.049642,1
0.711636,0.878219,3.744514,69.775063,8910.781476,1
0.792878,0.112851,2.506289,52.987101,5569.652446,0
0.146915,0.535465,1.278968,45.966518,263.365432,0
0.746298,0.675505,2.080481,57.559352,2720.761082,0
0.264848,0.922679,2.440434,59.697775,5168.378875,0
0.708402,0.9498,3.376487,71.335864,6384.67658,1
0.646183,0.875598,3.192113,66.175909,5605.8159,1
0.097395,0.768744,2.299301,56.530471,5747.795519,0
0.655113,0.429884,2.768197,55.23698,5700.334828,0
0.065962,0.552478,1.361257,48.022559,1048.716871,0
0.718865,0.849815,3.146813,67.660936,8792.543048,1
0.55241,0.804945,3.04394,64.556801,6932.305241,1
0.42413,0.607854,2.535768,56.058255,5013.646651,0
0.181152,0.129498,1.360046,33.887768,229.714604,0
0.828851,0.637291,2.01149,61.155352,2019.202521,0
0.723062,0.396906,3.343657,61.580806,8533.290513,1
0.266512,0.765982,3.486288,62.491897,8915.567139,0
0.414551,0.656844,1.777576,55.629751,2981.275751,0
0.755998,0.404735,2.047814,51.957243,1973.859036,0
0.067242,0.109961,1.261652,35.851182,544.187222,0
0.44106,0.637804,2.825935,59.306833,7505.795805,0
0.365928,0.841305,3.327772,62.113446,8846.069985,1
0.058602,0.091832,3.016642,41.907162,6826.670158,0
0.724134,0.689552,3.247921,63.573203,6406.788541,1
0.9123,0.123654,1.338356,47.04399,2241.878965,0
0.016303,0.146604,0.658516,34.703739,1145.895106,0
0.223736,0.850551,1.622183,55.064847,1628.615756,0
0.557166,0.528201,1.584377,52.754191,589.71242,0
0.121624,0.423227,3.074824,50.923826,7884.667693,0
0.711285,0.770685,1.568189,57.306245,134.682136,0
0.644809,0.670119,2.38119,59.763999,4431.537214,0
0.648731,0.102154,2.885839,53.487642,6143.996411,0
0.627582,0.673217,2.440689,57.69531,2483.275112,0
0.138954,0.598162,2.541635,52.943498,6895.46849,0
0.736005,0.539861,3.149471,59.579974,4848.70203,1
0.921854,0.308385,1.757223,54.982305,3940.938732,0
0.908326,0.98077,3.371646,68.142486,4435.26012,1
0.21355,0.259699,1.431788,40.124587,1952.891155,0
0.051277,0.971756,2.226099,55.595782,4338.249217,0
0.620419,0.996808,2.029739,61.092599,389.401426,0
0.940944,0.403397,2.438001,56.391991,2772.564187,1
0.842433,0.912311,2.244315,64.153116,1364.470105,0
0.891562,0.830536,2.524573,64.179133,958.545823,1
0.801981,0.98409,1.875197,67.545166,2133.937918,0
0.018637,0.496767,0.712337,41.505888,660.126882,0
0.82992,0.13451,2.896231,52.711329,8433.221075,0
0.189619,0.141696,2.350061,41.56725,4796.223889,0
0.686581,0.934612,2.628741,64.355367,2352.953545,0
0.139175,0.976341,3.057012,63.227057,7115.242831,1
0.712112,0.931798,2.871618,63.022013,3204.625217,0
0.752634,0.604469,1.18541,55.192366,306.957566,1
0.309913,0.396456,1.264496,42.231985,241.981172,0
0.615562,0.876976,3.454079,66.098012,7533.133613,1
0.731698,0.937789,3.695659,72.118773,6934.231037,1
0.302931,0.576263,2.083008,50.477674,2764.407,0
0.428187,0.804142,1.630089,58.642438,2653.739489,0
0.369038,0.94035,1.802794,56.849446,286.820457,0
0.84579,0.742263,2.532744,60.402326,1365.779719,0
0.14068,0.309883,0.786026,40.374969,1342.260813,0
0.225168,0.218071,2.059892,42.621372,3874.883666,0
0.52296,0.880221,2.65825,64.629443,5662.932106,1
0.550576,0.164841,1.530244,45.482962,3600.669647,0
0.538432,0.818419,3.457153,65.296821,8895.754511,1
0.668046,0.170294,2.786258,48.259152,7964.979743,0
0.542737,0.890179,4.253869,67.894008,8960.819048,1
0.858891,0.582388,2.059856,60.136686,1302.496919,0
0.124888,0.808771,3.268115,60.360519,8640.803212,1
0.849676,0.749395,1.905588,62.236345,414.657705,1
0.231628,0.759395,3.279844,58.54833,8520.075762,0
0.87942,0.785285,1.486628,62.883378,316.106541,0
0.027063,0.685381,1.638955,47.210961,2609.76594,0
0.32478,0.279306,2.491268,46.806518,6765.088278,0
0.30506,0.629019,1.36457,50.700922,497.997521,0
0.923891,0.79742,2.517649,65.175868,3167.152617,1
0.817891,0.453487,3.57185,61.535465,8996.883495,0
0.540617,0.885491,2.206296,58.705465,768.893958,0
0.734184,0.39123,3.057318,56.991596,6803.681643,0
0.59026,0.190646,2.835578,52.731442,8063.425531,1
0.079614,0.156656,1.199256,37.209982,819.711612,0
0.437138,0.446563,2.477264,55.36083,7694.439336,0
0.715366,0.38115,2.128629,55.113271,3366.015575,0
0.404662,0.698418,2.865404,59.767803,5289.672645,0
0.343802,0.11066,1.594637,40.156569,1522.217798,0
0.404934,0.95807,1.936209,61.639045,1685.880654,1
0.082685,0.671069,1.40724,50.017408,3299.42878,0
0.008629,0.995373,2.783178,59.322923,6521.21418,0
0.93253,0.493376,1.63327,59.06871,3297.173798,0
0.104813,0.944871,0.84925,53.577752,1504.579917,0
0.860065,0.659442,3.28869,63.202889,5193.712667,0
0.135516,0.736245,3.350819,58.337164,8449.519353,1
0.006305,0.698741,2.426998,51.902044,5240.026544,0
0.653862,0.72617,3.649548,63.971119,8860.729315,1
0.457024,0.758715,2.416261,57.619603,3528.534924,0
0.718131,0.527323,3.273619,59.43081,6904.45636,1
0.20583,0.813046,2.137703,54.696833,3024.250052,0
0.566139,0.395355,3.287347,55.581362,7382.896333,0
0.931206,0.285052,2.205502,53.840598,4250.516994,0
0.915084,0.507748,1.82183,56.999444,2302.257538,0
